verify	Set up job	﻿2026-10-10T23:45:53.3955872Z Current runner version: '2.337.0'
verify	Set up job	2026-10-10T23:45:53.3977838Z ##[group]Runner Image Provisioner
verify	Set up job	2026-10-10T23:45:53.3978568Z Hosted Compute Agent
verify	Set up job	2026-10-10T23:45:53.3979142Z Version: 20261002.596
verify	Set up job	2026-10-10T23:45:53.3979691Z Commit: c3d12f3313a95f25162a1503be624f3b0617f8c0
verify	Set up job	2026-10-10T23:45:53.3980295Z Build Date: 2026-10-02T22:28:27Z
verify	Set up job	2026-10-10T23:45:53.3980911Z Worker ID: {9b31c554-e059-4ad3-a1b2-1c9b966fe622}
verify	Set up job	2026-10-10T23:45:53.3981504Z Region: eastus
verify	Set up job	2026-10-10T23:45:53.3981980Z Cloud: Azure
verify	Set up job	2026-10-10T23:45:53.3982491Z ##[endgroup]
verify	Set up job	2026-10-10T23:45:53.3983827Z ##[group]Operating System
verify	Set up job	2026-10-10T23:45:53.3984431Z Ubuntu
verify	Set up job	2026-10-10T23:45:53.3984905Z 24.04.5
verify	Set up job	2026-10-10T23:45:53.3985345Z LTS
verify	Set up job	2026-10-10T23:45:53.3986180Z ##[endgroup]
verify	Set up job	2026-10-10T23:45:53.3986852Z ##[group]Runner Image
verify	Set up job	2026-10-10T23:45:53.3987675Z Image: ubuntu-24.04
verify	Set up job	2026-10-10T23:45:53.3988393Z Version: 20261004.327.1
verify	Set up job	2026-10-10T23:45:53.3989727Z Included Software: https://github.com/actions/runner-images/blob/ubuntu24/20261004.327/images/ubuntu/Ubuntu2404-Readme.md
verify	Set up job	2026-10-10T23:45:53.3991406Z Image Release: https://github.com/actions/runner-images/releases/tag/ubuntu24%2F20261004.327
verify	Set up job	2026-10-10T23:45:53.3992242Z ##[endgroup]
verify	Set up job	2026-10-10T23:45:53.3993219Z ##[group]GITHUB_TOKEN Permissions
verify	Set up job	2026-10-10T23:45:53.3995016Z Contents: read
verify	Set up job	2026-10-10T23:45:53.3995570Z Metadata: read
verify	Set up job	2026-10-10T23:45:53.3996049Z ##[endgroup]
verify	Set up job	2026-10-10T23:45:53.3997980Z Secret source: Actions
verify	Set up job	2026-10-10T23:45:53.3998805Z Cache mode: write
verify	Set up job	2026-10-10T23:45:53.3999727Z Prepare workflow directory
verify	Set up job	2026-10-10T23:45:53.4259884Z Prepare all required actions
verify	Set up job	2026-10-10T23:45:53.4298209Z Getting action download info
verify	Set up job	2026-10-10T23:45:53.6281786Z Download action repository 'actions/checkout@3d3c42e5aac5ba805825da76410c181273ba90b1' (SHA:3d3c42e5aac5ba805825da76410c181273ba90b1)
verify	Set up job	2026-10-10T23:45:53.7180116Z Download action repository 'actions/setup-node@949feb2413d6458794dcd2491c4babbbce0c15c1' (SHA:949feb2413d6458794dcd2491c4babbbce0c15c1)
verify	Set up job	2026-10-10T23:45:53.9258823Z Download action repository 'actions/upload-artifact@cf430e030ddbb5b0abf93d22962f4752f3646cd9' (SHA:cf430e030ddbb5b0abf93d22962f4752f3646cd9)
verify	Set up job	2026-10-10T23:45:54.1531971Z Complete job name: verify
verify	Run actions/checkout@3d3c42e5aac5ba805825da76410c181273ba90b1	﻿2026-10-10T23:45:54.2158818Z ##[group]Run actions/checkout@3d3c42e5aac5ba805825da76410c181273ba90b1
verify	Run actions/checkout@3d3c42e5aac5ba805825da76410c181273ba90b1	2026-10-10T23:45:54.2159636Z with:
verify	Run actions/checkout@3d3c42e5aac5ba805825da76410c181273ba90b1	2026-10-10T23:45:54.2159990Z   persist-credentials: false
verify	Run actions/checkout@3d3c42e5aac5ba805825da76410c181273ba90b1	2026-10-10T23:45:54.2160392Z   fetch-depth: 0
verify	Run actions/checkout@3d3c42e5aac5ba805825da76410c181273ba90b1	2026-10-10T23:45:54.2160760Z   repository: SaMaEl-69/scopeledger
verify	Run actions/checkout@3d3c42e5aac5ba805825da76410c181273ba90b1	2026-10-10T23:45:54.2163993Z   token: ***
verify	Run actions/checkout@3d3c42e5aac5ba805825da76410c181273ba90b1	2026-10-10T23:45:54.2164341Z   ssh-strict: true
verify	Run actions/checkout@3d3c42e5aac5ba805825da76410c181273ba90b1	2026-10-10T23:45:54.2164685Z   ssh-user: git
verify	Run actions/checkout@3d3c42e5aac5ba805825da76410c181273ba90b1	2026-10-10T23:45:54.2165020Z   clean: true
verify	Run actions/checkout@3d3c42e5aac5ba805825da76410c181273ba90b1	2026-10-10T23:45:54.2165367Z   sparse-checkout-cone-mode: true
verify	Run actions/checkout@3d3c42e5aac5ba805825da76410c181273ba90b1	2026-10-10T23:45:54.2165785Z   fetch-tags: false
verify	Run actions/checkout@3d3c42e5aac5ba805825da76410c181273ba90b1	2026-10-10T23:45:54.2166133Z   show-progress: true
verify	Run actions/checkout@3d3c42e5aac5ba805825da76410c181273ba90b1	2026-10-10T23:45:54.2166487Z   lfs: false
verify	Run actions/checkout@3d3c42e5aac5ba805825da76410c181273ba90b1	2026-10-10T23:45:54.2167145Z   submodules: false
verify	Run actions/checkout@3d3c42e5aac5ba805825da76410c181273ba90b1	2026-10-10T23:45:54.2167504Z   set-safe-directory: true
verify	Run actions/checkout@3d3c42e5aac5ba805825da76410c181273ba90b1	2026-10-10T23:45:54.2167901Z   allow-unsafe-pr-checkout: false
verify	Run actions/checkout@3d3c42e5aac5ba805825da76410c181273ba90b1	2026-10-10T23:45:54.2168577Z ##[endgroup]
verify	Run actions/checkout@3d3c42e5aac5ba805825da76410c181273ba90b1	2026-10-10T23:45:54.2957812Z Syncing repository: SaMaEl-69/scopeledger
verify	Run actions/checkout@3d3c42e5aac5ba805825da76410c181273ba90b1	2026-10-10T23:45:54.2959515Z ##[group]Getting Git version info
verify	Run actions/checkout@3d3c42e5aac5ba805825da76410c181273ba90b1	2026-10-10T23:45:54.2960380Z Working directory is '/home/runner/work/scopeledger/scopeledger'
verify	Run actions/checkout@3d3c42e5aac5ba805825da76410c181273ba90b1	2026-10-10T23:45:54.2961442Z [command]/usr/bin/git version
verify	Run actions/checkout@3d3c42e5aac5ba805825da76410c181273ba90b1	2026-10-10T23:45:54.3004561Z git version 2.55.0
verify	Run actions/checkout@3d3c42e5aac5ba805825da76410c181273ba90b1	2026-10-10T23:45:54.3020400Z ##[endgroup]
verify	Run actions/checkout@3d3c42e5aac5ba805825da76410c181273ba90b1	2026-10-10T23:45:54.3029265Z Temporarily overriding HOME='/home/runner/work/_temp/ef1cc2d1-d328-4937-a422-c1edbfffac5e' before making global git config changes
verify	Run actions/checkout@3d3c42e5aac5ba805825da76410c181273ba90b1	2026-10-10T23:45:54.3031499Z Adding repository directory to the temporary git global config as a safe directory
verify	Run actions/checkout@3d3c42e5aac5ba805825da76410c181273ba90b1	2026-10-10T23:45:54.3034894Z [command]/usr/bin/git config --global --add safe.directory /home/runner/work/scopeledger/scopeledger
verify	Run actions/checkout@3d3c42e5aac5ba805825da76410c181273ba90b1	2026-10-10T23:45:54.3078865Z Deleting the contents of '/home/runner/work/scopeledger/scopeledger'
verify	Run actions/checkout@3d3c42e5aac5ba805825da76410c181273ba90b1	2026-10-10T23:45:54.3082317Z ##[group]Determining repository object format
verify	Run actions/checkout@3d3c42e5aac5ba805825da76410c181273ba90b1	2026-10-10T23:45:54.3084285Z ##[endgroup]
verify	Run actions/checkout@3d3c42e5aac5ba805825da76410c181273ba90b1	2026-10-10T23:45:54.3085610Z ##[group]Initializing the repository
verify	Run actions/checkout@3d3c42e5aac5ba805825da76410c181273ba90b1	2026-10-10T23:45:54.3088102Z [command]/usr/bin/git init /home/runner/work/scopeledger/scopeledger
verify	Run actions/checkout@3d3c42e5aac5ba805825da76410c181273ba90b1	2026-10-10T23:45:54.3167535Z hint: Using 'master' as the name for the initial branch. This default branch name
verify	Run actions/checkout@3d3c42e5aac5ba805825da76410c181273ba90b1	2026-10-10T23:45:54.3169632Z hint: will change to "main" in Git 3.0. To configure the initial branch name
verify	Run actions/checkout@3d3c42e5aac5ba805825da76410c181273ba90b1	2026-10-10T23:45:54.3171318Z hint: to use in all of your new repositories, which will suppress this warning,
verify	Run actions/checkout@3d3c42e5aac5ba805825da76410c181273ba90b1	2026-10-10T23:45:54.3172802Z hint: call:
verify	Run actions/checkout@3d3c42e5aac5ba805825da76410c181273ba90b1	2026-10-10T23:45:54.3173708Z hint:
verify	Run actions/checkout@3d3c42e5aac5ba805825da76410c181273ba90b1	2026-10-10T23:45:54.3174899Z hint: 	git config --global init.defaultBranch <name>
verify	Run actions/checkout@3d3c42e5aac5ba805825da76410c181273ba90b1	2026-10-10T23:45:54.3175972Z hint:
verify	Run actions/checkout@3d3c42e5aac5ba805825da76410c181273ba90b1	2026-10-10T23:45:54.3176957Z hint: Names commonly chosen instead of 'master' are 'main', 'trunk' and
verify	Run actions/checkout@3d3c42e5aac5ba805825da76410c181273ba90b1	2026-10-10T23:45:54.3178238Z hint: 'development'. The just-created branch can be renamed via this command:
verify	Run actions/checkout@3d3c42e5aac5ba805825da76410c181273ba90b1	2026-10-10T23:45:54.3179370Z hint:
verify	Run actions/checkout@3d3c42e5aac5ba805825da76410c181273ba90b1	2026-10-10T23:45:54.3179990Z hint: 	git branch -m <name>
verify	Run actions/checkout@3d3c42e5aac5ba805825da76410c181273ba90b1	2026-10-10T23:45:54.3180812Z hint:
verify	Run actions/checkout@3d3c42e5aac5ba805825da76410c181273ba90b1	2026-10-10T23:45:54.3181696Z hint: Disable this message with "git config set advice.defaultBranchName false"
verify	Run actions/checkout@3d3c42e5aac5ba805825da76410c181273ba90b1	2026-10-10T23:45:54.3183079Z Initialized empty Git repository in /home/runner/work/scopeledger/scopeledger/.git/
verify	Run actions/checkout@3d3c42e5aac5ba805825da76410c181273ba90b1	2026-10-10T23:45:54.3185407Z [command]/usr/bin/git remote add origin https://github.com/SaMaEl-69/scopeledger
verify	Run actions/checkout@3d3c42e5aac5ba805825da76410c181273ba90b1	2026-10-10T23:45:54.3302866Z ##[endgroup]
verify	Run actions/checkout@3d3c42e5aac5ba805825da76410c181273ba90b1	2026-10-10T23:45:54.3304161Z ##[group]Disabling automatic garbage collection
verify	Run actions/checkout@3d3c42e5aac5ba805825da76410c181273ba90b1	2026-10-10T23:45:54.3305135Z [command]/usr/bin/git config --local gc.auto 0
verify	Run actions/checkout@3d3c42e5aac5ba805825da76410c181273ba90b1	2026-10-10T23:45:54.3334778Z ##[endgroup]
verify	Run actions/checkout@3d3c42e5aac5ba805825da76410c181273ba90b1	2026-10-10T23:45:54.3335920Z ##[group]Setting up auth
verify	Run actions/checkout@3d3c42e5aac5ba805825da76410c181273ba90b1	2026-10-10T23:45:54.3336797Z Removing SSH command configuration
verify	Run actions/checkout@3d3c42e5aac5ba805825da76410c181273ba90b1	2026-10-10T23:45:54.3340744Z [command]/usr/bin/git config --local --name-only --get-regexp core\.sshCommand
verify	Run actions/checkout@3d3c42e5aac5ba805825da76410c181273ba90b1	2026-10-10T23:45:54.3367625Z [command]/usr/bin/git submodule foreach --recursive sh -c "git config --local --name-only --get-regexp 'core\.sshCommand' && git config --local --unset-all 'core.sshCommand' || :"
verify	Run actions/checkout@3d3c42e5aac5ba805825da76410c181273ba90b1	2026-10-10T23:45:54.3652117Z Removing HTTP extra header
verify	Run actions/checkout@3d3c42e5aac5ba805825da76410c181273ba90b1	2026-10-10T23:45:54.3657123Z [command]/usr/bin/git config --local --name-only --get-regexp http\.https\:\/\/github\.com\/\.extraheader
verify	Run actions/checkout@3d3c42e5aac5ba805825da76410c181273ba90b1	2026-10-10T23:45:54.3689234Z [command]/usr/bin/git submodule foreach --recursive sh -c "git config --local --name-only --get-regexp 'http\.https\:\/\/github\.com\/\.extraheader' && git config --local --unset-all 'http.https://github.com/.extraheader' || :"
verify	Run actions/checkout@3d3c42e5aac5ba805825da76410c181273ba90b1	2026-10-10T23:45:54.3882805Z Removing includeIf entries pointing to credentials config files
verify	Run actions/checkout@3d3c42e5aac5ba805825da76410c181273ba90b1	2026-10-10T23:45:54.3886528Z [command]/usr/bin/git config --local --name-only --get-regexp ^includeIf\.gitdir:
verify	Run actions/checkout@3d3c42e5aac5ba805825da76410c181273ba90b1	2026-10-10T23:45:54.3917805Z [command]/usr/bin/git submodule foreach --recursive git config --local --show-origin --name-only --get-regexp remote.origin.url
verify	Run actions/checkout@3d3c42e5aac5ba805825da76410c181273ba90b1	2026-10-10T23:45:54.4137013Z [command]/usr/bin/git config --file /home/runner/work/_temp/git-credentials-806fce79-f389-4e6a-b99b-69dac459c168.config http.https://github.com/.extraheader AUTHORIZATION: basic ***
verify	Run actions/checkout@3d3c42e5aac5ba805825da76410c181273ba90b1	2026-10-10T23:45:54.4165690Z [command]/usr/bin/git config --local includeIf.gitdir:/home/runner/work/scopeledger/scopeledger/.git.path /home/runner/work/_temp/git-credentials-806fce79-f389-4e6a-b99b-69dac459c168.config
verify	Run actions/checkout@3d3c42e5aac5ba805825da76410c181273ba90b1	2026-10-10T23:45:54.4195531Z [command]/usr/bin/git config --local includeIf.gitdir:/home/runner/work/scopeledger/scopeledger/.git/worktrees/*.path /home/runner/work/_temp/git-credentials-806fce79-f389-4e6a-b99b-69dac459c168.config
verify	Run actions/checkout@3d3c42e5aac5ba805825da76410c181273ba90b1	2026-10-10T23:45:54.4228831Z [command]/usr/bin/git config --local includeIf.gitdir:/github/workspace/.git.path /github/runner_temp/git-credentials-806fce79-f389-4e6a-b99b-69dac459c168.config
verify	Run actions/checkout@3d3c42e5aac5ba805825da76410c181273ba90b1	2026-10-10T23:45:54.4259513Z [command]/usr/bin/git config --local includeIf.gitdir:/github/workspace/.git/worktrees/*.path /github/runner_temp/git-credentials-806fce79-f389-4e6a-b99b-69dac459c168.config
verify	Run actions/checkout@3d3c42e5aac5ba805825da76410c181273ba90b1	2026-10-10T23:45:54.4291038Z ##[endgroup]
verify	Run actions/checkout@3d3c42e5aac5ba805825da76410c181273ba90b1	2026-10-10T23:45:54.4292475Z ##[group]Fetching the repository
verify	Run actions/checkout@3d3c42e5aac5ba805825da76410c181273ba90b1	2026-10-10T23:45:54.4297407Z [command]/usr/bin/git -c protocol.version=2 fetch --no-tags --prune --no-recurse-submodules origin +refs/heads/*:refs/remotes/origin/* +refs/tags/*:refs/tags/*
verify	Run actions/checkout@3d3c42e5aac5ba805825da76410c181273ba90b1	2026-10-10T23:45:54.7622298Z From https://github.com/SaMaEl-69/scopeledger
verify	Run actions/checkout@3d3c42e5aac5ba805825da76410c181273ba90b1	2026-10-10T23:45:54.7623866Z  * [new branch]      main       -> origin/main
verify	Run actions/checkout@3d3c42e5aac5ba805825da76410c181273ba90b1	2026-10-10T23:45:54.7630504Z [command]/usr/bin/git branch --list --remote origin/main
verify	Run actions/checkout@3d3c42e5aac5ba805825da76410c181273ba90b1	2026-10-10T23:45:54.7656800Z   origin/main
verify	Run actions/checkout@3d3c42e5aac5ba805825da76410c181273ba90b1	2026-10-10T23:45:54.7665080Z [command]/usr/bin/git rev-parse refs/remotes/origin/main
verify	Run actions/checkout@3d3c42e5aac5ba805825da76410c181273ba90b1	2026-10-10T23:45:54.7688719Z 9c974f9a9c6144a398554a34b9409f19cecdc761
verify	Run actions/checkout@3d3c42e5aac5ba805825da76410c181273ba90b1	2026-10-10T23:45:54.7692399Z ##[endgroup]
verify	Run actions/checkout@3d3c42e5aac5ba805825da76410c181273ba90b1	2026-10-10T23:45:54.7693693Z ##[group]Determining the checkout info
verify	Run actions/checkout@3d3c42e5aac5ba805825da76410c181273ba90b1	2026-10-10T23:45:54.7695169Z ##[endgroup]
verify	Run actions/checkout@3d3c42e5aac5ba805825da76410c181273ba90b1	2026-10-10T23:45:54.7696349Z [command]/usr/bin/git sparse-checkout disable
verify	Run actions/checkout@3d3c42e5aac5ba805825da76410c181273ba90b1	2026-10-10T23:45:54.7750068Z [command]/usr/bin/git config --local --unset-all extensions.worktreeConfig
verify	Run actions/checkout@3d3c42e5aac5ba805825da76410c181273ba90b1	2026-10-10T23:45:54.7778220Z ##[group]Checking out the ref
verify	Run actions/checkout@3d3c42e5aac5ba805825da76410c181273ba90b1	2026-10-10T23:45:54.7781173Z [command]/usr/bin/git checkout --progress --force -B main refs/remotes/origin/main
verify	Run actions/checkout@3d3c42e5aac5ba805825da76410c181273ba90b1	2026-10-10T23:45:54.8049766Z Switched to a new branch 'main'
verify	Run actions/checkout@3d3c42e5aac5ba805825da76410c181273ba90b1	2026-10-10T23:45:54.8053740Z branch 'main' set up to track 'origin/main'.
verify	Run actions/checkout@3d3c42e5aac5ba805825da76410c181273ba90b1	2026-10-10T23:45:54.8061715Z ##[endgroup]
verify	Run actions/checkout@3d3c42e5aac5ba805825da76410c181273ba90b1	2026-10-10T23:45:54.8154523Z [command]/usr/bin/git log -1 --format=%H
verify	Run actions/checkout@3d3c42e5aac5ba805825da76410c181273ba90b1	2026-10-10T23:45:54.8155273Z 9c974f9a9c6144a398554a34b9409f19cecdc761
verify	Run actions/checkout@3d3c42e5aac5ba805825da76410c181273ba90b1	2026-10-10T23:45:54.8156555Z ##[group]Removing auth
verify	Run actions/checkout@3d3c42e5aac5ba805825da76410c181273ba90b1	2026-10-10T23:45:54.8167613Z Removing SSH command configuration
verify	Run actions/checkout@3d3c42e5aac5ba805825da76410c181273ba90b1	2026-10-10T23:45:54.8168837Z [command]/usr/bin/git config --local --name-only --get-regexp core\.sshCommand
verify	Run actions/checkout@3d3c42e5aac5ba805825da76410c181273ba90b1	2026-10-10T23:45:54.8172342Z [command]/usr/bin/git submodule foreach --recursive sh -c "git config --local --name-only --get-regexp 'core\.sshCommand' && git config --local --unset-all 'core.sshCommand' || :"
verify	Run actions/checkout@3d3c42e5aac5ba805825da76410c181273ba90b1	2026-10-10T23:45:54.8360491Z Removing HTTP extra header
verify	Run actions/checkout@3d3c42e5aac5ba805825da76410c181273ba90b1	2026-10-10T23:45:54.8363202Z [command]/usr/bin/git config --local --name-only --get-regexp http\.https\:\/\/github\.com\/\.extraheader
verify	Run actions/checkout@3d3c42e5aac5ba805825da76410c181273ba90b1	2026-10-10T23:45:54.8392057Z [command]/usr/bin/git submodule foreach --recursive sh -c "git config --local --name-only --get-regexp 'http\.https\:\/\/github\.com\/\.extraheader' && git config --local --unset-all 'http.https://github.com/.extraheader' || :"
verify	Run actions/checkout@3d3c42e5aac5ba805825da76410c181273ba90b1	2026-10-10T23:45:54.8577230Z Removing includeIf entries pointing to credentials config files
verify	Run actions/checkout@3d3c42e5aac5ba805825da76410c181273ba90b1	2026-10-10T23:45:54.8579179Z [command]/usr/bin/git config --local --name-only --get-regexp ^includeIf\.gitdir:
verify	Run actions/checkout@3d3c42e5aac5ba805825da76410c181273ba90b1	2026-10-10T23:45:54.8605364Z includeif.gitdir:/home/runner/work/scopeledger/scopeledger/.git.path
verify	Run actions/checkout@3d3c42e5aac5ba805825da76410c181273ba90b1	2026-10-10T23:45:54.8606505Z includeif.gitdir:/home/runner/work/scopeledger/scopeledger/.git/worktrees/*.path
verify	Run actions/checkout@3d3c42e5aac5ba805825da76410c181273ba90b1	2026-10-10T23:45:54.8607699Z includeif.gitdir:/github/workspace/.git.path
verify	Run actions/checkout@3d3c42e5aac5ba805825da76410c181273ba90b1	2026-10-10T23:45:54.8608675Z includeif.gitdir:/github/workspace/.git/worktrees/*.path
verify	Run actions/checkout@3d3c42e5aac5ba805825da76410c181273ba90b1	2026-10-10T23:45:54.8612682Z [command]/usr/bin/git config --local --get-all includeif.gitdir:/home/runner/work/scopeledger/scopeledger/.git.path
verify	Run actions/checkout@3d3c42e5aac5ba805825da76410c181273ba90b1	2026-10-10T23:45:54.8634747Z /home/runner/work/_temp/git-credentials-806fce79-f389-4e6a-b99b-69dac459c168.config
verify	Run actions/checkout@3d3c42e5aac5ba805825da76410c181273ba90b1	2026-10-10T23:45:54.8642337Z [command]/usr/bin/git config --local --unset includeif.gitdir:/home/runner/work/scopeledger/scopeledger/.git.path \/home\/runner\/work\/_temp\/git\-credentials\-806fce79\-f389\-4e6a\-b99b\-69dac459c168\.config
verify	Run actions/checkout@3d3c42e5aac5ba805825da76410c181273ba90b1	2026-10-10T23:45:54.8708657Z [command]/usr/bin/git config --local --get-all includeif.gitdir:/home/runner/work/scopeledger/scopeledger/.git/worktrees/*.path
verify	Run actions/checkout@3d3c42e5aac5ba805825da76410c181273ba90b1	2026-10-10T23:45:54.8730036Z /home/runner/work/_temp/git-credentials-806fce79-f389-4e6a-b99b-69dac459c168.config
verify	Run actions/checkout@3d3c42e5aac5ba805825da76410c181273ba90b1	2026-10-10T23:45:54.8737200Z [command]/usr/bin/git config --local --unset includeif.gitdir:/home/runner/work/scopeledger/scopeledger/.git/worktrees/*.path \/home\/runner\/work\/_temp\/git\-credentials\-806fce79\-f389\-4e6a\-b99b\-69dac459c168\.config
verify	Run actions/checkout@3d3c42e5aac5ba805825da76410c181273ba90b1	2026-10-10T23:45:54.8773620Z [command]/usr/bin/git config --local --get-all includeif.gitdir:/github/workspace/.git.path
verify	Run actions/checkout@3d3c42e5aac5ba805825da76410c181273ba90b1	2026-10-10T23:45:54.8845407Z /github/runner_temp/git-credentials-806fce79-f389-4e6a-b99b-69dac459c168.config
verify	Run actions/checkout@3d3c42e5aac5ba805825da76410c181273ba90b1	2026-10-10T23:45:54.8849227Z [command]/usr/bin/git config --local --unset includeif.gitdir:/github/workspace/.git.path \/github\/runner_temp\/git\-credentials\-806fce79\-f389\-4e6a\-b99b\-69dac459c168\.config
verify	Run actions/checkout@3d3c42e5aac5ba805825da76410c181273ba90b1	2026-10-10T23:45:54.8868203Z [command]/usr/bin/git config --local --get-all includeif.gitdir:/github/workspace/.git/worktrees/*.path
verify	Run actions/checkout@3d3c42e5aac5ba805825da76410c181273ba90b1	2026-10-10T23:45:54.8888531Z /github/runner_temp/git-credentials-806fce79-f389-4e6a-b99b-69dac459c168.config
verify	Run actions/checkout@3d3c42e5aac5ba805825da76410c181273ba90b1	2026-10-10T23:45:54.8894012Z [command]/usr/bin/git config --local --unset includeif.gitdir:/github/workspace/.git/worktrees/*.path \/github\/runner_temp\/git\-credentials\-806fce79\-f389\-4e6a\-b99b\-69dac459c168\.config
verify	Run actions/checkout@3d3c42e5aac5ba805825da76410c181273ba90b1	2026-10-10T23:45:54.8924239Z [command]/usr/bin/git submodule foreach --recursive git config --local --show-origin --name-only --get-regexp remote.origin.url
verify	Run actions/checkout@3d3c42e5aac5ba805825da76410c181273ba90b1	2026-10-10T23:45:54.9110083Z Removing credentials config '/home/runner/work/_temp/git-credentials-806fce79-f389-4e6a-b99b-69dac459c168.config'
verify	Run actions/checkout@3d3c42e5aac5ba805825da76410c181273ba90b1	2026-10-10T23:45:54.9117799Z ##[endgroup]
verify	Run actions/setup-node@949feb2413d6458794dcd2491c4babbbce0c15c1	﻿2026-10-10T23:45:54.9351633Z ##[group]Run actions/setup-node@949feb2413d6458794dcd2491c4babbbce0c15c1
verify	Run actions/setup-node@949feb2413d6458794dcd2491c4babbbce0c15c1	2026-10-10T23:45:54.9352396Z with:
verify	Run actions/setup-node@949feb2413d6458794dcd2491c4babbbce0c15c1	2026-10-10T23:45:54.9352737Z   node-version: 24
verify	Run actions/setup-node@949feb2413d6458794dcd2491c4babbbce0c15c1	2026-10-10T23:45:54.9353100Z   cache: npm
verify	Run actions/setup-node@949feb2413d6458794dcd2491c4babbbce0c15c1	2026-10-10T23:45:54.9353446Z   check-latest: false
verify	Run actions/setup-node@949feb2413d6458794dcd2491c4babbbce0c15c1	2026-10-10T23:45:54.9357722Z   token: ***
verify	Run actions/setup-node@949feb2413d6458794dcd2491c4babbbce0c15c1	2026-10-10T23:45:54.9358099Z   package-manager-cache: true
verify	Run actions/setup-node@949feb2413d6458794dcd2491c4babbbce0c15c1	2026-10-10T23:45:54.9358547Z ##[endgroup]
verify	Run actions/setup-node@949feb2413d6458794dcd2491c4babbbce0c15c1	2026-10-10T23:45:55.0376225Z Found in cache @ /opt/hostedtoolcache/node/24.21.0/x64
verify	Run actions/setup-node@949feb2413d6458794dcd2491c4babbbce0c15c1	2026-10-10T23:45:55.1302481Z ##[group]Environment details
verify	Run actions/setup-node@949feb2413d6458794dcd2491c4babbbce0c15c1	2026-10-10T23:45:55.3608429Z node: v24.21.0
verify	Run actions/setup-node@949feb2413d6458794dcd2491c4babbbce0c15c1	2026-10-10T23:45:55.3609620Z npm: 11.19.0
verify	Run actions/setup-node@949feb2413d6458794dcd2491c4babbbce0c15c1	2026-10-10T23:45:55.3610318Z yarn: 1.22.22
verify	Run actions/setup-node@949feb2413d6458794dcd2491c4babbbce0c15c1	2026-10-10T23:45:55.3611989Z ##[endgroup]
verify	Run actions/setup-node@949feb2413d6458794dcd2491c4babbbce0c15c1	2026-10-10T23:45:55.3625726Z [command]/opt/hostedtoolcache/node/24.21.0/x64/bin/npm config get cache
verify	Run actions/setup-node@949feb2413d6458794dcd2491c4babbbce0c15c1	2026-10-10T23:45:55.4488795Z /home/runner/.npm
verify	Run actions/setup-node@949feb2413d6458794dcd2491c4babbbce0c15c1	2026-10-10T23:45:55.5100552Z npm cache is not found
verify	Run npm ci	﻿2026-10-10T23:45:55.5207780Z ##[group]Run npm ci
verify	Run npm ci	2026-10-10T23:45:55.5208057Z ^[[36;1mnpm ci^[[0m
verify	Run npm ci	2026-10-10T23:45:55.5407611Z shell: /usr/bin/bash -e {0}
verify	Run npm ci	2026-10-10T23:45:55.5407945Z ##[endgroup]
verify	Run npm ci	2026-10-10T23:46:00.4036544Z 
verify	Run npm ci	2026-10-10T23:46:00.4043784Z added 140 packages, and audited 141 packages in 5s
verify	Run npm ci	2026-10-10T23:46:00.4044204Z 
verify	Run npm ci	2026-10-10T23:46:00.4044468Z 28 packages are looking for funding
verify	Run npm ci	2026-10-10T23:46:00.4044872Z   run `npm fund` for details
verify	Run npm ci	2026-10-10T23:46:00.4045107Z 
verify	Run npm ci	2026-10-10T23:46:00.4045269Z found 0 vulnerabilities
verify	Run npm ci	2026-10-10T23:46:00.4052578Z npm warn install-scripts 2 packages have install scripts not yet covered by allowScripts:
verify	Run npm ci	2026-10-10T23:46:00.4053286Z npm warn install-scripts   esbuild@0.28.2 (postinstall: node install.js)
verify	Run npm ci	2026-10-10T23:46:00.4053796Z npm warn install-scripts   workerd@1.20261006.1 (postinstall: node install.js)
verify	Run npm ci	2026-10-10T23:46:00.4054142Z npm warn install-scripts
verify	Run npm ci	2026-10-10T23:46:00.4054643Z npm warn install-scripts Run `npm install-scripts ls` to review, or `npm install-scripts approve <pkg>` to allow.
verify	Run npm audit --audit-level=high	﻿2026-10-10T23:46:00.4506884Z ##[group]Run npm audit --audit-level=high
verify	Run npm audit --audit-level=high	2026-10-10T23:46:00.4507250Z ^[[36;1mnpm audit --audit-level=high^[[0m
verify	Run npm audit --audit-level=high	2026-10-10T23:46:00.4570798Z shell: /usr/bin/bash -e {0}
verify	Run npm audit --audit-level=high	2026-10-10T23:46:00.4571035Z ##[endgroup]
verify	Run npm audit --audit-level=high	2026-10-10T23:46:00.7990250Z found 0 vulnerabilities
verify	Run node scripts/check-source.mjs	﻿2026-10-10T23:46:00.8087048Z ##[group]Run node scripts/check-source.mjs
verify	Run node scripts/check-source.mjs	2026-10-10T23:46:00.8087389Z ^[[36;1mnode scripts/check-source.mjs^[[0m
verify	Run node scripts/check-source.mjs	2026-10-10T23:46:00.8145729Z shell: /usr/bin/bash -e {0}
verify	Run node scripts/check-source.mjs	2026-10-10T23:46:00.8145967Z ##[endgroup]
verify	Run node scripts/check-source.mjs	2026-10-10T23:46:00.8850929Z 289 tracked paths checked; no matched private paths or credential patterns.
verify	Scan repository history for secrets	﻿2026-10-10T23:46:00.8920097Z ##[group]Run mkdir -p "$RUNNER_TEMP/gitleaks"
verify	Scan repository history for secrets	2026-10-10T23:46:00.8920414Z ^[[36;1mmkdir -p "$RUNNER_TEMP/gitleaks"^[[0m
verify	Scan repository history for secrets	2026-10-10T23:46:00.8921052Z ^[[36;1mcurl --fail --silent --show-error --location https://github.com/gitleaks/gitleaks/releases/download/v8.30.1/gitleaks_8.30.1_linux_x64.tar.gz --output "$RUNNER_TEMP/gitleaks.tar.gz"^[[0m
verify	Scan repository history for secrets	2026-10-10T23:46:00.8921941Z ^[[36;1mprintf '551f6fc83ea457d62a0d98237cbad105af8d557003051f41f3e7ca7b3f2470eb  %s\n' "$RUNNER_TEMP/gitleaks.tar.gz" | sha256sum --check --status^[[0m
verify	Scan repository history for secrets	2026-10-10T23:46:00.8922833Z ^[[36;1mtar -xzf "$RUNNER_TEMP/gitleaks.tar.gz" -C "$RUNNER_TEMP/gitleaks" gitleaks^[[0m
verify	Scan repository history for secrets	2026-10-10T23:46:00.8923264Z ^[[36;1m"$RUNNER_TEMP/gitleaks/gitleaks" git --redact=100 --no-banner --timeout=120^[[0m
verify	Scan repository history for secrets	2026-10-10T23:46:00.8983157Z shell: /usr/bin/bash -e {0}
verify	Scan repository history for secrets	2026-10-10T23:46:00.8983381Z ##[endgroup]
verify	Scan repository history for secrets	2026-10-10T23:46:01.8048264Z ^[[90m11:46PM^[[0m ^[[32mINF^[[0m ^[[1m15 commits scanned.^[[0m
verify	Scan repository history for secrets	2026-10-10T23:46:01.8049098Z ^[[90m11:46PM^[[0m ^[[32mINF^[[0m ^[[1mscanned ~3560760 bytes (3.56 MB) in 475ms^[[0m
verify	Scan repository history for secrets	2026-10-10T23:46:01.8049712Z ^[[90m11:46PM^[[0m ^[[32mINF^[[0m ^[[1mno leaks found^[[0m
verify	Run npm test	﻿2026-10-10T23:46:01.8101352Z ##[group]Run npm test
verify	Run npm test	2026-10-10T23:46:01.8101560Z ^[[36;1mnpm test^[[0m
verify	Run npm test	2026-10-10T23:46:01.8156366Z shell: /usr/bin/bash -e {0}
verify	Run npm test	2026-10-10T23:46:01.8156582Z ##[endgroup]
verify	Run npm test	2026-10-10T23:46:01.9070333Z 
verify	Run npm test	2026-10-10T23:46:01.9070794Z > scopeledger-core@1.0.0 test
verify	Run npm test	2026-10-10T23:46:01.9071065Z > vitest run
verify	Run npm test	2026-10-10T23:46:01.9071193Z 
verify	Run npm test	2026-10-10T23:46:02.1324406Z 
verify	Run npm test	2026-10-10T23:46:02.1326198Z ^[[1m^[[30m^[[46m RUN ^[[49m^[[39m^[[22m ^[[36mv4.1.11 ^[[39m^[[90m/home/runner/work/scopeledger/scopeledger^[[39m
verify	Run npm test	2026-10-10T23:46:02.1327067Z 
verify	Run npm test	2026-10-10T23:46:02.7364661Z  ^[[32m✓^[[39m tests/commercial.test.ts ^[[2m(^[[22m^[[2m27 tests^[[22m^[[2m)^[[22m^[[32m 162^[[2mms^[[22m^[[39m
verify	Run npm test	2026-10-10T23:46:03.2249114Z  ^[[32m✓^[[39m tests/storage.test.ts ^[[2m(^[[22m^[[2m29 tests^[[22m^[[2m)^[[22m^[[33m 652^[[2mms^[[22m^[[39m
verify	Run npm test	2026-10-10T23:46:03.2278121Z      ^[[33m^[[2m✓^[[22m^[[39m uses a compatible 50 MiB byte limit for saves, exports, and restore ^[[33m 536^[[2mms^[[22m^[[39m
verify	Run npm test	2026-10-10T23:46:03.4972475Z  ^[[32m✓^[[39m tests/operations.test.ts ^[[2m(^[[22m^[[2m43 tests^[[22m^[[2m)^[[22m^[[32m 66^[[2mms^[[22m^[[39m
verify	Run npm test	2026-10-10T23:46:03.6236846Z  ^[[32m✓^[[39m tests/server-licensing.test.ts ^[[2m(^[[22m^[[2m47 tests^[[22m^[[2m)^[[22m^[[33m 681^[[2mms^[[22m^[[39m
verify	Run npm test	2026-10-10T23:46:04.3842934Z ^[[90mstdout^[[2m | tests/operational.test.ts^[[2m > ^[[22m^[[2mpersisted dashboard contribution and cash semantics^[[2m > ^[[22m^[[2mretains accurate multi-currency totals and a full backup under a crowded 300-project history
verify	Run npm test	2026-10-10T23:46:04.3854713Z ^[[22m^[[39mDATA_AUDIT_MEASUREMENT {"projects":300,"changes":1500,"documents":300,"payments":600,"manualEvents":600,"backupBytes":2719044,"dashboardMedianMs":130.25,"calendarMedianMs":13.73,"backupMedianMs":46.21,"parseMedianMs":52.15}
verify	Run npm test	2026-10-10T23:46:04.3855775Z 
verify	Run npm test	2026-10-10T23:46:04.4352554Z  ^[[32m✓^[[39m tests/operational.test.ts ^[[2m(^[[22m^[[2m37 tests^[[22m^[[2m)^[[22m^[[33m 1864^[[2mms^[[22m^[[39m
verify	Run npm test	2026-10-10T23:46:04.4354315Z      ^[[33m^[[2m✓^[[22m^[[39m retains accurate multi-currency totals and a full backup under a crowded 300-project history ^[[33m 1717^[[2mms^[[22m^[[39m
verify	Run npm test	2026-10-10T23:46:04.5271337Z  ^[[32m✓^[[39m tests/server-static.test.ts ^[[2m(^[[22m^[[2m7 tests^[[22m^[[2m)^[[22m^[[33m 394^[[2mms^[[22m^[[39m
verify	Run npm test	2026-10-10T23:46:04.7668487Z  ^[[32m✓^[[39m tests/finance.test.ts ^[[2m(^[[22m^[[2m43 tests^[[22m^[[2m)^[[22m^[[32m 67^[[2mms^[[22m^[[39m
verify	Run npm test	2026-10-10T23:46:04.8459815Z  ^[[32m✓^[[39m tests/server-http.test.ts ^[[2m(^[[22m^[[2m23 tests^[[22m^[[2m)^[[22m^[[33m 878^[[2mms^[[22m^[[39m
verify	Run npm test	2026-10-10T23:46:05.1000132Z  ^[[32m✓^[[39m tests/fee-delivery-options.test.ts ^[[2m(^[[22m^[[2m21 tests^[[22m^[[2m)^[[22m^[[32m 109^[[2mms^[[22m^[[39m
verify	Run npm test	2026-10-10T23:46:05.1629980Z  ^[[32m✓^[[39m tests/server-document.test.ts ^[[2m(^[[22m^[[2m36 tests^[[22m^[[2m)^[[22m^[[32m 120^[[2mms^[[22m^[[39m
verify	Run npm test	2026-10-10T23:46:05.3642622Z ^[[90mstderr^[[2m | tests/cloudflare.test.ts^[[2m > ^[[22m^[[2mCloudflare public demo boundary^[[2m > ^[[22m^[[2mfails closed if the asset service fails without exposing internals
verify	Run npm test	2026-10-10T23:46:05.3643898Z ^[[22m^[[39m{"operation":"serve","code":"asset_service_failed"}
verify	Run npm test	2026-10-10T23:46:05.3648331Z 
verify	Run npm test	2026-10-10T23:46:05.3660233Z  ^[[32m✓^[[39m tests/cloudflare.test.ts ^[[2m(^[[22m^[[2m27 tests^[[22m^[[2m)^[[22m^[[32m 84^[[2mms^[[22m^[[39m
verify	Run npm test	2026-10-10T23:46:05.4147786Z  ^[[32m✓^[[39m tests/production.test.ts ^[[2m(^[[22m^[[2m12 tests^[[22m^[[2m)^[[22m^[[33m 460^[[2mms^[[22m^[[39m
verify	Run npm test	2026-10-10T23:46:05.9617551Z  ^[[32m✓^[[39m tests/access.test.ts ^[[2m(^[[22m^[[2m10 tests^[[22m^[[2m)^[[22m^[[32m 102^[[2mms^[[22m^[[39m
verify	Run npm test	2026-10-10T23:46:06.5400321Z  ^[[32m✓^[[39m tests/server-vite.test.ts ^[[2m(^[[22m^[[2m2 tests^[[22m^[[2m)^[[22m^[[33m 513^[[2mms^[[22m^[[39m
verify	Run npm test	2026-10-10T23:46:06.6140351Z  ^[[32m✓^[[39m tests/server-encrypted-recovery.test.ts ^[[2m(^[[22m^[[2m8 tests^[[22m^[[2m)^[[22m^[[33m 478^[[2mms^[[22m^[[39m
verify	Run npm test	2026-10-10T23:46:06.7214473Z  ^[[32m✓^[[39m tests/server-proxy.test.ts ^[[2m(^[[22m^[[2m7 tests^[[22m^[[2m)^[[22m^[[33m 762^[[2mms^[[22m^[[39m
verify	Run npm test	2026-10-10T23:46:06.7631822Z  ^[[32m✓^[[39m tests/toolkit.test.ts ^[[2m(^[[22m^[[2m9 tests^[[22m^[[2m)^[[22m^[[32m 33^[[2mms^[[22m^[[39m
verify	Run npm test	2026-10-10T23:46:06.9459205Z  ^[[32m✓^[[39m tests/server-pdf.test.ts ^[[2m(^[[22m^[[2m5 tests^[[22m^[[2m)^[[22m^[[32m 69^[[2mms^[[22m^[[39m
verify	Run npm test	2026-10-10T23:46:07.0462252Z  ^[[32m✓^[[39m tests/signatures.test.ts ^[[2m(^[[22m^[[2m7 tests^[[22m^[[2m)^[[22m^[[32m 78^[[2mms^[[22m^[[39m
verify	Run npm test	2026-10-10T23:46:07.2538606Z  ^[[32m✓^[[39m tests/server-recovery.test.ts ^[[2m(^[[22m^[[2m3 tests^[[22m^[[2m)^[[22m^[[32m 141^[[2mms^[[22m^[[39m
verify	Run npm test	2026-10-10T23:46:07.3030264Z  ^[[32m✓^[[39m tests/document-export.test.ts ^[[2m(^[[22m^[[2m7 tests^[[22m^[[2m)^[[22m^[[32m 53^[[2mms^[[22m^[[39m
verify	Run npm test	2026-10-10T23:46:07.3938384Z  ^[[32m✓^[[39m tests/appearance.test.ts ^[[2m(^[[22m^[[2m7 tests^[[22m^[[2m)^[[22m^[[32m 8^[[2mms^[[22m^[[39m
verify	Run npm test	2026-10-10T23:46:07.4740296Z  ^[[32m✓^[[39m tests/image-import.test.ts ^[[2m(^[[22m^[[2m7 tests^[[22m^[[2m)^[[22m^[[32m 20^[[2mms^[[22m^[[39m
verify	Run npm test	2026-10-10T23:46:07.5493768Z  ^[[32m✓^[[39m tests/document-drafts.test.ts ^[[2m(^[[22m^[[2m6 tests^[[22m^[[2m)^[[22m^[[33m 688^[[2mms^[[22m^[[39m
verify	Run npm test	2026-10-10T23:46:07.5495695Z      ^[[33m^[[2m✓^[[22m^[[39m refuses a draft that exceeds capacity without changing saved work or evicting another draft ^[[33m 618^[[2mms^[[22m^[[39m
verify	Run npm test	2026-10-10T23:46:07.7065019Z  ^[[32m✓^[[39m tests/sharing.test.ts ^[[2m(^[[22m^[[2m5 tests^[[22m^[[2m)^[[22m^[[32m 14^[[2mms^[[22m^[[39m
verify	Run npm test	2026-10-10T23:46:07.8148930Z  ^[[32m✓^[[39m tests/server-release-security.test.ts ^[[2m(^[[22m^[[2m13 tests^[[22m^[[2m)^[[22m^[[32m 299^[[2mms^[[22m^[[39m
verify	Run npm test	2026-10-10T23:46:08.1237427Z  ^[[32m✓^[[39m tests/compact-backup.test.ts ^[[2m(^[[22m^[[2m10 tests^[[22m^[[2m)^[[22m^[[33m 442^[[2mms^[[22m^[[39m
verify	Run npm test	2026-10-10T23:46:08.2918436Z  ^[[32m✓^[[39m tests/comparisons.test.ts ^[[2m(^[[22m^[[2m3 tests^[[22m^[[2m)^[[22m^[[32m 10^[[2mms^[[22m^[[39m
verify	Run npm test	2026-10-10T23:46:08.6522369Z  ^[[32m✓^[[39m tests/encrypted-backup.test.ts ^[[2m(^[[22m^[[2m9 tests^[[22m^[[2m)^[[22m^[[33m 636^[[2mms^[[22m^[[39m
verify	Run npm test	2026-10-10T23:46:08.6523627Z      ^[[33m^[[2m✓^[[22m^[[39m round trips a full workspace with fresh salts/nonces and no exposed client copy ^[[33m 349^[[2mms^[[22m^[[39m
verify	Run npm test	2026-10-10T23:46:09.1160209Z  ^[[32m✓^[[39m tests/server-startup.test.ts ^[[2m(^[[22m^[[2m4 tests^[[22m^[[2m)^[[22m^[[33m 1277^[[2mms^[[22m^[[39m
verify	Run npm test	2026-10-10T23:46:09.1160912Z      ^[[33m^[[2m✓^[[22m^[[39m requires production settings for a live server ^[[33m 347^[[2mms^[[22m^[[39m
verify	Run npm test	2026-10-10T23:46:09.1161652Z      ^[[33m^[[2m✓^[[22m^[[39m never boots local test licensing in production ^[[33m 311^[[2mms^[[22m^[[39m
verify	Run npm test	2026-10-10T23:46:09.1162283Z      ^[[33m^[[2m✓^[[22m^[[39m rejects an unusable sandbox runtime without disclosing the signing secret ^[[33m 341^[[2mms^[[22m^[[39m
verify	Run npm test	2026-10-10T23:46:09.1193021Z 
verify	Run npm test	2026-10-10T23:46:09.1205009Z ^[[2m Test Files ^[[22m ^[[1m^[[32m30 passed^[[39m^[[22m^[[90m (30)^[[39m
verify	Run npm test	2026-10-10T23:46:09.1205884Z ^[[2m      Tests ^[[22m ^[[1m^[[32m474 passed^[[39m^[[22m^[[90m (474)^[[39m
verify	Run npm test	2026-10-10T23:46:09.1206545Z ^[[2m   Start at ^[[22m 23:46:02
verify	Run npm test	2026-10-10T23:46:09.1207610Z ^[[2m   Duration ^[[22m 6.98s^[[2m (transform 1.07s, setup 0ms, import 4.72s, tests 11.16s, environment 3ms)^[[22m
verify	Run npm test	2026-10-10T23:46:09.1208078Z 
verify	Run npm run test:security-http	﻿2026-10-10T23:46:09.1504202Z ##[group]Run npm run test:security-http
verify	Run npm run test:security-http	2026-10-10T23:46:09.1504496Z ^[[36;1mnpm run test:security-http^[[0m
verify	Run npm run test:security-http	2026-10-10T23:46:09.1560966Z shell: /usr/bin/bash -e {0}
verify	Run npm run test:security-http	2026-10-10T23:46:09.1561187Z ##[endgroup]
verify	Run npm run test:security-http	2026-10-10T23:46:09.2346152Z 
verify	Run npm run test:security-http	2026-10-10T23:46:09.2347049Z > scopeledger-core@1.0.0 test:security-http
verify	Run npm run test:security-http	2026-10-10T23:46:09.2347539Z > node scripts/security-http-qa.mjs
verify	Run npm run test:security-http	2026-10-10T23:46:09.2347693Z 
verify	Run npm run test:security-http	2026-10-10T23:46:24.5245111Z {"passed":3,"checks":[{"name":"unfinished headers","status":408,"connectionClosed":true,"durationMs":10011},{"name":"unfinished JSON upload","status":408,"connectionClosed":true,"durationMs":15013},{"name":"oversized request headers","status":431,"connectionClosed":true,"durationMs":12}],"sessionsCreated":0}
verify	Run npm run build	﻿2026-10-10T23:46:24.5461371Z ##[group]Run npm run build
verify	Run npm run build	2026-10-10T23:46:24.5461625Z ^[[36;1mnpm run build^[[0m
verify	Run npm run build	2026-10-10T23:46:24.5515890Z shell: /usr/bin/bash -e {0}
verify	Run npm run build	2026-10-10T23:46:24.5516100Z ##[endgroup]
verify	Run npm run build	2026-10-10T23:46:24.6276486Z 
verify	Run npm run build	2026-10-10T23:46:24.6276901Z > scopeledger-core@1.0.0 prebuild
verify	Run npm run build	2026-10-10T23:46:24.6277328Z > node scripts/sync-document-branding.mjs && node scripts/seo-check.mjs
verify	Run npm run build	2026-10-10T23:46:24.6277560Z 
verify	Run npm run build	2026-10-10T23:46:24.6874161Z SEO checks passed for 9 canonical public pages.
verify	Run npm run build	2026-10-10T23:46:24.6912593Z 
verify	Run npm run build	2026-10-10T23:46:24.6913002Z > scopeledger-core@1.0.0 build
verify	Run npm run build	2026-10-10T23:46:24.6913378Z > tsc -b && vite build
verify	Run npm run build	2026-10-10T23:46:24.6913556Z 
verify	Run npm run build	2026-10-10T23:46:30.9214450Z ^[[36mvite v7.3.6 ^[[32mbuilding client environment for production...^[[36m^[[39m
verify	Run npm run build	2026-10-10T23:46:31.0030784Z transforming...
verify	Run npm run build	2026-10-10T23:46:33.1040813Z ^[[32m✓^[[39m 1808 modules transformed.
verify	Run npm run build	2026-10-10T23:46:33.2551823Z rendering chunks...
verify	Run npm run build	2026-10-10T23:46:33.3661156Z computing gzip size...
verify	Run npm run build	2026-10-10T23:46:33.3889327Z ^[[2mdist/^[[22m^[[32mindex.html                                 ^[[39m^[[1m^[[2m  1.89 kB^[[22m^[[1m^[[22m^[[2m │ gzip:   0.77 kB^[[22m
verify	Run npm run build	2026-10-10T23:46:33.3890646Z ^[[2mdist/^[[22m^[[32mworkspace/index.html                       ^[[39m^[[1m^[[2m  3.37 kB^[[22m^[[1m^[[22m^[[2m │ gzip:   1.09 kB^[[22m
verify	Run npm run build	2026-10-10T23:46:33.3891662Z ^[[2mdist/^[[22m^[[32mhome/index.html                            ^[[39m^[[1m^[[2m218.18 kB^[[22m^[[1m^[[22m^[[2m │ gzip:  37.87 kB^[[22m
verify	Run npm run build	2026-10-10T23:46:33.3892632Z ^[[2mdist/^[[22m^[[2massets/^[[22m^[[35mappearance-Dq2iwmi2.css             ^[[39m^[[1m^[[2m  0.57 kB^[[22m^[[1m^[[22m^[[2m │ gzip:   0.27 kB^[[22m
verify	Run npm run build	2026-10-10T23:46:33.3893597Z ^[[2mdist/^[[22m^[[2massets/^[[22m^[[35mtoolkit-opKvWz9U.css                ^[[39m^[[1m^[[2m  2.20 kB^[[22m^[[1m^[[22m^[[2m │ gzip:   0.75 kB^[[22m
verify	Run npm run build	2026-10-10T23:46:33.3894518Z ^[[2mdist/^[[22m^[[2massets/^[[22m^[[35mhome-CYJPGBn9.css                   ^[[39m^[[1m^[[2m  7.23 kB^[[22m^[[1m^[[22m^[[2m │ gzip:   2.09 kB^[[22m
verify	Run npm run build	2026-10-10T23:46:33.3895456Z ^[[2mdist/^[[22m^[[2massets/^[[22m^[[35moperational-BPPtVKCL.css            ^[[39m^[[1m^[[2m 12.25 kB^[[22m^[[1m^[[22m^[[2m │ gzip:   2.85 kB^[[22m
verify	Run npm run build	2026-10-10T23:46:33.3896816Z ^[[2mdist/^[[22m^[[2massets/^[[22m^[[35mDocumentsView-vyY14xPM.css          ^[[39m^[[1m^[[2m 15.23 kB^[[22m^[[1m^[[22m^[[2m │ gzip:   3.43 kB^[[22m
verify	Run npm run build	2026-10-10T23:46:33.3897871Z ^[[2mdist/^[[22m^[[2massets/^[[22m^[[35mmain-9CypQkWv.css                   ^[[39m^[[1m^[[2m104.67 kB^[[22m^[[1m^[[22m^[[2m │ gzip:  18.24 kB^[[22m
verify	Run npm run build	2026-10-10T23:46:33.3898808Z ^[[2mdist/^[[22m^[[2massets/^[[22m^[[36mfile-text-DWZYkPL0.js               ^[[39m^[[1m^[[2m  0.39 kB^[[22m^[[1m^[[22m^[[2m │ gzip:   0.25 kB^[[22m
verify	Run npm run build	2026-10-10T23:46:33.3899726Z ^[[2mdist/^[[22m^[[2massets/^[[22m^[[36mappearance-DhgcaitL.js              ^[[39m^[[1m^[[2m  2.00 kB^[[22m^[[1m^[[22m^[[2m │ gzip:   0.93 kB^[[22m
verify	Run npm run build	2026-10-10T23:46:33.3900652Z ^[[2mdist/^[[22m^[[2massets/^[[22m^[[36mimage-import-nCD4_Nsm.js            ^[[39m^[[1m^[[2m  2.96 kB^[[22m^[[1m^[[22m^[[2m │ gzip:   1.40 kB^[[22m
verify	Run npm run build	2026-10-10T23:46:33.3901609Z ^[[2mdist/^[[22m^[[2massets/^[[22m^[[36mClientResponseComposer-xSkpliqY.js  ^[[39m^[[1m^[[2m  3.12 kB^[[22m^[[1m^[[22m^[[2m │ gzip:   1.36 kB^[[22m
verify	Run npm run build	2026-10-10T23:46:33.3902569Z ^[[2mdist/^[[22m^[[2massets/^[[22m^[[36mSettingsExtras-DxJLV3u-.js          ^[[39m^[[1m^[[2m  4.93 kB^[[22m^[[1m^[[22m^[[2m │ gzip:   2.20 kB^[[22m
verify	Run npm run build	2026-10-10T23:46:33.3903596Z ^[[2mdist/^[[22m^[[2massets/^[[22m^[[36mComparisonModal-DzgxIiDO.js         ^[[39m^[[1m^[[2m  4.94 kB^[[22m^[[1m^[[22m^[[2m │ gzip:   1.95 kB^[[22m
verify	Run npm run build	2026-10-10T23:46:33.3904754Z ^[[2mdist/^[[22m^[[2massets/^[[22m^[[36moperational-Bc-VP1XG.js             ^[[39m^[[1m^[[2m  7.07 kB^[[22m^[[1m^[[22m^[[2m │ gzip:   2.99 kB^[[22m
verify	Run npm run build	2026-10-10T23:46:33.3907259Z ^[[2mdist/^[[22m^[[2massets/^[[22m^[[36mPlaybookView-B2vyS-sH.js            ^[[39m^[[1m^[[2m  7.58 kB^[[22m^[[1m^[[22m^[[2m │ gzip:   2.27 kB^[[22m
verify	Run npm run build	2026-10-10T23:46:33.3937233Z ^[[2mdist/^[[22m^[[2massets/^[[22m^[[36mCalendarView-sjoPEAbp.js            ^[[39m^[[1m^[[2m 21.04 kB^[[22m^[[1m^[[22m^[[2m │ gzip:   6.59 kB^[[22m
verify	Run npm run build	2026-10-10T23:46:33.3938958Z ^[[2mdist/^[[22m^[[2massets/^[[22m^[[36mDashboardView-BrXEy_SI.js           ^[[39m^[[1m^[[2m 29.56 kB^[[22m^[[1m^[[22m^[[2m │ gzip:   8.30 kB^[[22m
verify	Run npm run build	2026-10-10T23:46:33.3939992Z ^[[2mdist/^[[22m^[[2massets/^[[22m^[[36mdecimal-CNo3oIkL.js                 ^[[39m^[[1m^[[2m 32.01 kB^[[22m^[[1m^[[22m^[[2m │ gzip:  12.83 kB^[[22m
verify	Run npm run build	2026-10-10T23:46:33.3941388Z ^[[2mdist/^[[22m^[[2massets/^[[22m^[[36mDocumentsView-CvUz66O7.js           ^[[39m^[[1m^[[2m 39.29 kB^[[22m^[[1m^[[22m^[[2m │ gzip:  11.87 kB^[[22m
verify	Run npm run build	2026-10-10T23:46:33.3942104Z ^[[2mdist/^[[22m^[[2massets/^[[22m^[[36mhome-ZR3vGaAI.js                    ^[[39m^[[1m^[[2m 48.71 kB^[[22m^[[1m^[[22m^[[2m │ gzip:  19.11 kB^[[22m
verify	Run npm run build	2026-10-10T23:46:33.3942804Z ^[[2mdist/^[[22m^[[2massets/^[[22m^[[36mdates-D0rLQFhn.js                   ^[[39m^[[1m^[[2m154.12 kB^[[22m^[[1m^[[22m^[[2m │ gzip:  44.60 kB^[[22m
verify	Run npm run build	2026-10-10T23:46:33.3943779Z ^[[2mdist/^[[22m^[[2massets/^[[22m^[[36mruntime-U9hr0yNf.js                 ^[[39m^[[1m^[[2m221.82 kB^[[22m^[[1m^[[22m^[[2m │ gzip:  69.01 kB^[[22m
verify	Run npm run build	2026-10-10T23:46:33.3944697Z ^[[2mdist/^[[22m^[[2massets/^[[22m^[[36mmain-CHP5OoG6.js                    ^[[39m^[[1m^[[2m320.76 kB^[[22m^[[1m^[[22m^[[2m │ gzip: 121.84 kB^[[22m
verify	Run npm run build	2026-10-10T23:46:33.3945239Z ^[[32m✓ built in 2.45s^[[39m
verify	Run npm run build	2026-10-10T23:46:33.4540371Z 
verify	Run npm run build	2026-10-10T23:46:33.4540914Z > scopeledger-core@1.0.0 postbuild
verify	Run npm run build	2026-10-10T23:46:33.4541678Z > node scripts/release.mjs stamp dist
verify	Run npm run build	2026-10-10T23:46:33.4541993Z 
verify	Run npm run build	2026-10-10T23:46:33.4946146Z 20261010T234633Z-684e0868fcf3
verify	Run npx playwright install --with-deps chromium firefox webkit	﻿2026-10-10T23:46:33.5082306Z ##[group]Run npx playwright install --with-deps chromium firefox webkit
verify	Run npx playwright install --with-deps chromium firefox webkit	2026-10-10T23:46:33.5082979Z ^[[36;1mnpx playwright install --with-deps chromium firefox webkit^[[0m
verify	Run npx playwright install --with-deps chromium firefox webkit	2026-10-10T23:46:33.5149093Z shell: /usr/bin/bash -e {0}
verify	Run npx playwright install --with-deps chromium firefox webkit	2026-10-10T23:46:33.5149410Z ##[endgroup]
verify	Run npx playwright install --with-deps chromium firefox webkit	2026-10-10T23:46:34.1157614Z Installing dependencies...
verify	Run npx playwright install --with-deps chromium firefox webkit	2026-10-10T23:46:34.1212969Z Switching to root user to install dependencies...
verify	Run npx playwright install --with-deps chromium firefox webkit	2026-10-10T23:46:34.2208422Z Get:1 file:/etc/apt/apt-mirrors.txt Mirrorlist [144 B]
verify	Run npx playwright install --with-deps chromium firefox webkit	2026-10-10T23:46:34.2453844Z Get:6 https://packages.microsoft.com/ubuntu/24.04/prod noble InRelease [3600 B]
verify	Run npx playwright install --with-deps chromium firefox webkit	2026-10-10T23:46:34.2767839Z Hit:2 http://azure.archive.ubuntu.com/ubuntu noble InRelease
verify	Run npx playwright install --with-deps chromium firefox webkit	2026-10-10T23:46:34.2781994Z Get:3 http://azure.archive.ubuntu.com/ubuntu noble-updates InRelease [126 kB]
verify	Run npx playwright install --with-deps chromium firefox webkit	2026-10-10T23:46:34.3047852Z Get:4 http://azure.archive.ubuntu.com/ubuntu noble-backports InRelease [126 kB]
verify	Run npx playwright install --with-deps chromium firefox webkit	2026-10-10T23:46:34.3097394Z Get:5 http://azure.archive.ubuntu.com/ubuntu noble-security InRelease [126 kB]
verify	Run npx playwright install --with-deps chromium firefox webkit	2026-10-10T23:46:34.3537976Z Get:7 https://packages.microsoft.com/ubuntu/24.04/prod noble/main amd64 Packages [548 kB]
verify	Run npx playwright install --with-deps chromium firefox webkit	2026-10-10T23:46:34.4016476Z Get:8 https://packages.microsoft.com/ubuntu/24.04/prod noble/main all Packages [640 B]
verify	Run npx playwright install --with-deps chromium firefox webkit	2026-10-10T23:46:34.4317643Z Get:9 https://packages.microsoft.com/ubuntu/24.04/prod noble/main armhf Packages [12.3 kB]
verify	Run npx playwright install --with-deps chromium firefox webkit	2026-10-10T23:46:34.4345611Z Get:10 https://packages.microsoft.com/ubuntu/24.04/prod noble/main arm64 Packages [492 kB]
verify	Run npx playwright install --with-deps chromium firefox webkit	2026-10-10T23:46:34.4539672Z Get:11 http://azure.archive.ubuntu.com/ubuntu noble-updates/main amd64 Packages [1375 kB]
verify	Run npx playwright install --with-deps chromium firefox webkit	2026-10-10T23:46:34.4652931Z Get:12 http://azure.archive.ubuntu.com/ubuntu noble-updates/main Translation-en [306 kB]
verify	Run npx playwright install --with-deps chromium firefox webkit	2026-10-10T23:46:34.4677456Z Get:13 http://azure.archive.ubuntu.com/ubuntu noble-updates/universe amd64 Packages [1702 kB]
verify	Run npx playwright install --with-deps chromium firefox webkit	2026-10-10T23:46:34.4847473Z Get:14 http://azure.archive.ubuntu.com/ubuntu noble-updates/universe Translation-en [342 kB]
verify	Run npx playwright install --with-deps chromium firefox webkit	2026-10-10T23:46:34.4881523Z Get:15 http://azure.archive.ubuntu.com/ubuntu noble-updates/restricted amd64 Packages [1761 kB]
verify	Run npx playwright install --with-deps chromium firefox webkit	2026-10-10T23:46:34.4946123Z Get:16 http://azure.archive.ubuntu.com/ubuntu noble-updates/restricted Translation-en [401 kB]
verify	Run npx playwright install --with-deps chromium firefox webkit	2026-10-10T23:46:34.4972482Z Get:17 http://azure.archive.ubuntu.com/ubuntu noble-updates/multiverse amd64 Packages [55.0 kB]
verify	Run npx playwright install --with-deps chromium firefox webkit	2026-10-10T23:46:34.4980612Z Get:18 http://azure.archive.ubuntu.com/ubuntu noble-updates/multiverse Translation-en [14.3 kB]
verify	Run npx playwright install --with-deps chromium firefox webkit	2026-10-10T23:46:34.5589164Z Get:19 http://azure.archive.ubuntu.com/ubuntu noble-security/main amd64 Packages [1121 kB]
verify	Run npx playwright install --with-deps chromium firefox webkit	2026-10-10T23:46:34.5660082Z Get:20 http://azure.archive.ubuntu.com/ubuntu noble-security/main Translation-en [228 kB]
verify	Run npx playwright install --with-deps chromium firefox webkit	2026-10-10T23:46:34.6158661Z Get:21 http://azure.archive.ubuntu.com/ubuntu noble-security/universe amd64 Packages [1220 kB]
verify	Run npx playwright install --with-deps chromium firefox webkit	2026-10-10T23:46:34.6218988Z Get:22 http://azure.archive.ubuntu.com/ubuntu noble-security/universe Translation-en [245 kB]
verify	Run npx playwright install --with-deps chromium firefox webkit	2026-10-10T23:46:34.6247501Z Get:23 http://azure.archive.ubuntu.com/ubuntu noble-security/restricted amd64 Packages [1669 kB]
verify	Run npx playwright install --with-deps chromium firefox webkit	2026-10-10T23:46:34.6327601Z Get:24 http://azure.archive.ubuntu.com/ubuntu noble-security/restricted Translation-en [383 kB]
verify	Run npx playwright install --with-deps chromium firefox webkit	2026-10-10T23:46:34.6352336Z Get:25 http://azure.archive.ubuntu.com/ubuntu noble-security/multiverse amd64 Packages [49.8 kB]
verify	Run npx playwright install --with-deps chromium firefox webkit	2026-10-10T23:46:34.6366561Z Get:26 http://azure.archive.ubuntu.com/ubuntu noble-security/multiverse Translation-en [12.4 kB]
verify	Run npx playwright install --with-deps chromium firefox webkit	2026-10-10T23:46:40.8763443Z Fetched 12.3 MB in 1s (10.9 MB/s)
verify	Run npx playwright install --with-deps chromium firefox webkit	2026-10-10T23:46:41.5232670Z Reading package lists...
verify	Run npx playwright install --with-deps chromium firefox webkit	2026-10-10T23:46:41.5442815Z Reading package lists...
verify	Run npx playwright install --with-deps chromium firefox webkit	2026-10-10T23:46:41.7158129Z Building dependency tree...
verify	Run npx playwright install --with-deps chromium firefox webkit	2026-10-10T23:46:41.7164316Z Reading state information...
verify	Run npx playwright install --with-deps chromium firefox webkit	2026-10-10T23:46:41.7300034Z libasound2t64 is already the newest version (1.2.11-1ubuntu0.3).
verify	Run npx playwright install --with-deps chromium firefox webkit	2026-10-10T23:46:41.7300623Z libasound2t64 set to manually installed.
verify	Run npx playwright install --with-deps chromium firefox webkit	2026-10-10T23:46:41.7301161Z libatk-bridge2.0-0t64 is already the newest version (2.52.0-1build1).
verify	Run npx playwright install --with-deps chromium firefox webkit	2026-10-10T23:46:41.7301708Z libatk-bridge2.0-0t64 set to manually installed.
verify	Run npx playwright install --with-deps chromium firefox webkit	2026-10-10T23:46:41.7302877Z libatk1.0-0t64 is already the newest version (2.52.0-1build1).
verify	Run npx playwright install --with-deps chromium firefox webkit	2026-10-10T23:46:41.7303354Z libatk1.0-0t64 set to manually installed.
verify	Run npx playwright install --with-deps chromium firefox webkit	2026-10-10T23:46:41.7303868Z libatspi2.0-0t64 is already the newest version (2.52.0-1build1).
verify	Run npx playwright install --with-deps chromium firefox webkit	2026-10-10T23:46:41.7304372Z libatspi2.0-0t64 set to manually installed.
verify	Run npx playwright install --with-deps chromium firefox webkit	2026-10-10T23:46:41.7304848Z libcairo2 is already the newest version (1.18.0-3build1).
verify	Run npx playwright install --with-deps chromium firefox webkit	2026-10-10T23:46:41.7305307Z libcairo2 set to manually installed.
verify	Run npx playwright install --with-deps chromium firefox webkit	2026-10-10T23:46:41.7305799Z libcups2t64 is already the newest version (2.4.7-1.2ubuntu7.14).
verify	Run npx playwright install --with-deps chromium firefox webkit	2026-10-10T23:46:41.7306293Z libcups2t64 set to manually installed.
verify	Run npx playwright install --with-deps chromium firefox webkit	2026-10-10T23:46:41.7306975Z libdbus-1-3 is already the newest version (1.14.10-4ubuntu4.1).
verify	Run npx playwright install --with-deps chromium firefox webkit	2026-10-10T23:46:41.7307455Z libdbus-1-3 set to manually installed.
verify	Run npx playwright install --with-deps chromium firefox webkit	2026-10-10T23:46:41.7307951Z libdrm2 is already the newest version (2.4.125-1ubuntu0.1~24.04.2).
verify	Run npx playwright install --with-deps chromium firefox webkit	2026-10-10T23:46:41.7308422Z libdrm2 set to manually installed.
verify	Run npx playwright install --with-deps chromium firefox webkit	2026-10-10T23:46:41.7308890Z libgbm1 is already the newest version (25.2.8-0ubuntu0.24.04.4).
verify	Run npx playwright install --with-deps chromium firefox webkit	2026-10-10T23:46:41.7309362Z libgbm1 set to manually installed.
verify	Run npx playwright install --with-deps chromium firefox webkit	2026-10-10T23:46:41.7309845Z libglib2.0-0t64 is already the newest version (2.80.0-6ubuntu3.9).
verify	Run npx playwright install --with-deps chromium firefox webkit	2026-10-10T23:46:41.7310326Z libglib2.0-0t64 set to manually installed.
verify	Run npx playwright install --with-deps chromium firefox webkit	2026-10-10T23:46:41.7310812Z libnspr4 is already the newest version (2:4.35-1.1build1).
verify	Run npx playwright install --with-deps chromium firefox webkit	2026-10-10T23:46:41.7311254Z libnspr4 set to manually installed.
verify	Run npx playwright install --with-deps chromium firefox webkit	2026-10-10T23:46:41.7311699Z libnss3 is already the newest version (2:3.98-1ubuntu0.2).
verify	Run npx playwright install --with-deps chromium firefox webkit	2026-10-10T23:46:41.7312143Z libnss3 set to manually installed.
verify	Run npx playwright install --with-deps chromium firefox webkit	2026-10-10T23:46:41.7312633Z libpango-1.0-0 is already the newest version (1.52.1+ds-1build1).
verify	Run npx playwright install --with-deps chromium firefox webkit	2026-10-10T23:46:41.7313119Z libpango-1.0-0 set to manually installed.
verify	Run npx playwright install --with-deps chromium firefox webkit	2026-10-10T23:46:41.7313593Z libx11-6 is already the newest version (2:1.8.7-1build1).
verify	Run npx playwright install --with-deps chromium firefox webkit	2026-10-10T23:46:41.7314028Z libx11-6 set to manually installed.
verify	Run npx playwright install --with-deps chromium firefox webkit	2026-10-10T23:46:41.7314471Z libxcb1 is already the newest version (1.15-1ubuntu2).
verify	Run npx playwright install --with-deps chromium firefox webkit	2026-10-10T23:46:41.7314913Z libxcb1 set to manually installed.
verify	Run npx playwright install --with-deps chromium firefox webkit	2026-10-10T23:46:41.7315419Z libxcomposite1 is already the newest version (1:0.4.5-1build3).
verify	Run npx playwright install --with-deps chromium firefox webkit	2026-10-10T23:46:41.7315927Z libxcomposite1 set to manually installed.
verify	Run npx playwright install --with-deps chromium firefox webkit	2026-10-10T23:46:41.7316443Z libxdamage1 is already the newest version (1:1.1.6-1build1).
verify	Run npx playwright install --with-deps chromium firefox webkit	2026-10-10T23:46:41.7317094Z libxdamage1 set to manually installed.
verify	Run npx playwright install --with-deps chromium firefox webkit	2026-10-10T23:46:41.7317589Z libxext6 is already the newest version (2:1.3.4-1build2).
verify	Run npx playwright install --with-deps chromium firefox webkit	2026-10-10T23:46:41.7318057Z libxext6 set to manually installed.
verify	Run npx playwright install --with-deps chromium firefox webkit	2026-10-10T23:46:41.7318536Z libxfixes3 is already the newest version (1:6.0.0-2build1).
verify	Run npx playwright install --with-deps chromium firefox webkit	2026-10-10T23:46:41.7319185Z libxfixes3 set to manually installed.
verify	Run npx playwright install --with-deps chromium firefox webkit	2026-10-10T23:46:41.7319680Z libxkbcommon0 is already the newest version (1.6.0-1build1).
verify	Run npx playwright install --with-deps chromium firefox webkit	2026-10-10T23:46:41.7320164Z libxkbcommon0 set to manually installed.
verify	Run npx playwright install --with-deps chromium firefox webkit	2026-10-10T23:46:41.7320664Z libxrandr2 is already the newest version (2:1.5.2-2build1).
verify	Run npx playwright install --with-deps chromium firefox webkit	2026-10-10T23:46:41.7321148Z libxrandr2 set to manually installed.
verify	Run npx playwright install --with-deps chromium firefox webkit	2026-10-10T23:46:41.7321629Z xvfb is already the newest version (2:21.1.12-1ubuntu1.8).
verify	Run npx playwright install --with-deps chromium firefox webkit	2026-10-10T23:46:41.7322297Z fonts-noto-color-emoji is already the newest version (2.047-0ubuntu0.24.04.1).
verify	Run npx playwright install --with-deps chromium firefox webkit	2026-10-10T23:46:41.7322985Z libfontconfig1 is already the newest version (2.15.0-1.1ubuntu2).
verify	Run npx playwright install --with-deps chromium firefox webkit	2026-10-10T23:46:41.7323503Z libfontconfig1 set to manually installed.
verify	Run npx playwright install --with-deps chromium firefox webkit	2026-10-10T23:46:41.7324026Z fonts-liberation is already the newest version (1:2.1.5-3).
verify	Run npx playwright install --with-deps chromium firefox webkit	2026-10-10T23:46:41.7324528Z fonts-liberation set to manually installed.
verify	Run npx playwright install --with-deps chromium firefox webkit	2026-10-10T23:46:41.7325083Z libcairo-gobject2 is already the newest version (1.18.0-3build1).
verify	Run npx playwright install --with-deps chromium firefox webkit	2026-10-10T23:46:41.7325616Z libcairo-gobject2 set to manually installed.
verify	Run npx playwright install --with-deps chromium firefox webkit	2026-10-10T23:46:41.7326222Z libgdk-pixbuf-2.0-0 is already the newest version (2.42.10+dfsg-3ubuntu3.3).
verify	Run npx playwright install --with-deps chromium firefox webkit	2026-10-10T23:46:41.7326923Z libgdk-pixbuf-2.0-0 set to manually installed.
verify	Run npx playwright install --with-deps chromium firefox webkit	2026-10-10T23:46:41.7327484Z libgtk-3-0t64 is already the newest version (3.24.41-4ubuntu1.3).
verify	Run npx playwright install --with-deps chromium firefox webkit	2026-10-10T23:46:41.7327987Z libgtk-3-0t64 set to manually installed.
verify	Run npx playwright install --with-deps chromium firefox webkit	2026-10-10T23:46:41.7328543Z libpangocairo-1.0-0 is already the newest version (1.52.1+ds-1build1).
verify	Run npx playwright install --with-deps chromium firefox webkit	2026-10-10T23:46:41.7329251Z libpangocairo-1.0-0 set to manually installed.
verify	Run npx playwright install --with-deps chromium firefox webkit	2026-10-10T23:46:41.7329772Z libx11-xcb1 is already the newest version (2:1.8.7-1build1).
verify	Run npx playwright install --with-deps chromium firefox webkit	2026-10-10T23:46:41.7330246Z libx11-xcb1 set to manually installed.
verify	Run npx playwright install --with-deps chromium firefox webkit	2026-10-10T23:46:41.7330747Z libxcb-shm0 is already the newest version (1.15-1ubuntu2).
verify	Run npx playwright install --with-deps chromium firefox webkit	2026-10-10T23:46:41.7331214Z libxcb-shm0 set to manually installed.
verify	Run npx playwright install --with-deps chromium firefox webkit	2026-10-10T23:46:41.7331708Z libxcursor1 is already the newest version (1:1.2.1-1build1).
verify	Run npx playwright install --with-deps chromium firefox webkit	2026-10-10T23:46:41.7332186Z libxcursor1 set to manually installed.
verify	Run npx playwright install --with-deps chromium firefox webkit	2026-10-10T23:46:41.7332655Z libxi6 is already the newest version (2:1.8.1-1build1).
verify	Run npx playwright install --with-deps chromium firefox webkit	2026-10-10T23:46:41.7333180Z libxi6 set to manually installed.
verify	Run npx playwright install --with-deps chromium firefox webkit	2026-10-10T23:46:41.7333711Z libxrender1 is already the newest version (1:0.9.10-1.1build1).
verify	Run npx playwright install --with-deps chromium firefox webkit	2026-10-10T23:46:41.7334208Z libxrender1 set to manually installed.
verify	Run npx playwright install --with-deps chromium firefox webkit	2026-10-10T23:46:41.7334693Z libicu74 is already the newest version (74.2-1ubuntu3.1).
verify	Run npx playwright install --with-deps chromium firefox webkit	2026-10-10T23:46:41.7335317Z libatomic1 is already the newest version (14.2.0-4ubuntu2~24.04.1).
verify	Run npx playwright install --with-deps chromium firefox webkit	2026-10-10T23:46:41.7335827Z libatomic1 set to manually installed.
verify	Run npx playwright install --with-deps chromium firefox webkit	2026-10-10T23:46:41.7336328Z libenchant-2-2 is already the newest version (2.3.3-2build2).
verify	Run npx playwright install --with-deps chromium firefox webkit	2026-10-10T23:46:41.7336943Z libenchant-2-2 set to manually installed.
verify	Run npx playwright install --with-deps chromium firefox webkit	2026-10-10T23:46:41.7337433Z libepoxy0 is already the newest version (1.5.10-1build1).
verify	Run npx playwright install --with-deps chromium firefox webkit	2026-10-10T23:46:41.7337895Z libepoxy0 set to manually installed.
verify	Run npx playwright install --with-deps chromium firefox webkit	2026-10-10T23:46:41.7338430Z libgstreamer1.0-0 is already the newest version (1.24.2-1ubuntu0.1).
verify	Run npx playwright install --with-deps chromium firefox webkit	2026-10-10T23:46:41.7338972Z libgstreamer1.0-0 set to manually installed.
verify	Run npx playwright install --with-deps chromium firefox webkit	2026-10-10T23:46:41.7339500Z libharfbuzz0b is already the newest version (8.3.0-2build2).
verify	Run npx playwright install --with-deps chromium firefox webkit	2026-10-10T23:46:41.7339982Z libharfbuzz0b set to manually installed.
verify	Run npx playwright install --with-deps chromium firefox webkit	2026-10-10T23:46:41.7340494Z libjpeg-turbo8 is already the newest version (2.1.5-2ubuntu2).
verify	Run npx playwright install --with-deps chromium firefox webkit	2026-10-10T23:46:41.8504183Z libjpeg-turbo8 set to manually installed.
verify	Run npx playwright install --with-deps chromium firefox webkit	2026-10-10T23:46:41.8504899Z liblcms2-2 is already the newest version (2.14-2ubuntu0.1).
verify	Run npx playwright install --with-deps chromium firefox webkit	2026-10-10T23:46:41.8505497Z liblcms2-2 set to manually installed.
verify	Run npx playwright install --with-deps chromium firefox webkit	2026-10-10T23:46:41.8506107Z libwayland-client0 is already the newest version (1.22.0-2.1build1).
verify	Run npx playwright install --with-deps chromium firefox webkit	2026-10-10T23:46:41.8506872Z libwayland-client0 set to manually installed.
verify	Run npx playwright install --with-deps chromium firefox webkit	2026-10-10T23:46:41.8507442Z libwayland-egl1 is already the newest version (1.22.0-2.1build1).
verify	Run npx playwright install --with-deps chromium firefox webkit	2026-10-10T23:46:41.8508014Z libwayland-egl1 set to manually installed.
verify	Run npx playwright install --with-deps chromium firefox webkit	2026-10-10T23:46:41.8508522Z libwebp7 is already the newest version (1.3.2-0.4build3).
verify	Run npx playwright install --with-deps chromium firefox webkit	2026-10-10T23:46:41.8508986Z libwebp7 set to manually installed.
verify	Run npx playwright install --with-deps chromium firefox webkit	2026-10-10T23:46:41.8509932Z libwebpdemux2 is already the newest version (1.3.2-0.4build3).
verify	Run npx playwright install --with-deps chromium firefox webkit	2026-10-10T23:46:41.8510427Z libwebpdemux2 set to manually installed.
verify	Run npx playwright install --with-deps chromium firefox webkit	2026-10-10T23:46:41.8510974Z libxslt1.1 is already the newest version (1.1.39-0exp1ubuntu0.24.04.3).
verify	Run npx playwright install --with-deps chromium firefox webkit	2026-10-10T23:46:41.8511496Z libxslt1.1 set to manually installed.
verify	Run npx playwright install --with-deps chromium firefox webkit	2026-10-10T23:46:41.8511964Z The following additional packages will be installed:
verify	Run npx playwright install --with-deps chromium firefox webkit	2026-10-10T23:46:41.8512539Z   glib-networking glib-networking-common glib-networking-services
verify	Run npx playwright install --with-deps chromium firefox webkit	2026-10-10T23:46:41.8513191Z   gsettings-desktop-schemas libaa1 libabsl20220623t64 libass9 libasyncns0
verify	Run npx playwright install --with-deps chromium firefox webkit	2026-10-10T23:46:41.8513967Z   libavc1394-0 libavfilter9 libavformat60 libavtp0 libavutil58 libblas3
verify	Run npx playwright install --with-deps chromium firefox webkit	2026-10-10T23:46:41.8514659Z   libbluray2 libbs2b0 libcaca0 libcairo-script-interpreter2 libcdparanoia0
verify	Run npx playwright install --with-deps chromium firefox webkit	2026-10-10T23:46:41.8515374Z   libchromaprint1 libcjson1 libcodec2-1.2 libdav1d7 libdc1394-25 libdca0
verify	Run npx playwright install --with-deps chromium firefox webkit	2026-10-10T23:46:41.8516010Z   libde265-0 libdecor-0-0 libdirectfb-1.7-7t64 libdv4t64 libdvdnav4
verify	Run npx playwright install --with-deps chromium firefox webkit	2026-10-10T23:46:41.8516796Z   libdvdread8t64 libegl-mesa0 libegl1 libfaad2 libflac12t64 libfluidsynth3
verify	Run npx playwright install --with-deps chromium firefox webkit	2026-10-10T23:46:41.8517418Z   libfreeaptx0 libgav1-1 libgme0 libgraphene-1.0-0 libgsm1 libgssdp-1.6-0
verify	Run npx playwright install --with-deps chromium firefox webkit	2026-10-10T23:46:41.8517962Z   libgstreamer-plugins-good1.0-0 libgtk-4-common libgupnp-1.6-0
verify	Run npx playwright install --with-deps chromium firefox webkit	2026-10-10T23:46:41.8518397Z   libgupnp-igd-1.6-0 libhwy1t64 libiec61883-0 libimath-3-1-29t64
verify	Run npx playwright install --with-deps chromium firefox webkit	2026-10-10T23:46:41.8518761Z   libinstpatch-1.0-2 libjack-jackd2-0 libjxl0.7 liblapack3 liblc3-1
verify	Run npx playwright install --with-deps chromium firefox webkit	2026-10-10T23:46:41.8519288Z   libldacbt-enc2 liblilv-0-0 liblrdf0 libltc11 libmbedcrypto7t64 libmfx1
verify	Run npx playwright install --with-deps chromium firefox webkit	2026-10-10T23:46:41.8519665Z   libmjpegutils-2.1-0t64 libmodplug1 libmp3lame0 libmpcdec6
verify	Run npx playwright install --with-deps chromium firefox webkit	2026-10-10T23:46:41.8520186Z   libmpeg2encpp-2.1-0t64 libmpg123-0t64 libmplex2-2.1-0t64 libmysofa1
verify	Run npx playwright install --with-deps chromium firefox webkit	2026-10-10T23:46:41.8520576Z   libneon27t64 libnice10 libopenal-data libopenal1 libopenexr-3-1-30
verify	Run npx playwright install --with-deps chromium firefox webkit	2026-10-10T23:46:41.8520927Z   libopenh264-7 libopenmpt0t64 libopenni2-0 liborc-0.4-0t64
verify	Run npx playwright install --with-deps chromium firefox webkit	2026-10-10T23:46:41.8521286Z   libpipewire-0.3-0t64 libplacebo338 libpocketsphinx3 libpostproc57
verify	Run npx playwright install --with-deps chromium firefox webkit	2026-10-10T23:46:41.8521703Z   libproxy1v5 libpulse0 libqrencode4 libraptor2-0 librav1e0 libraw1394-11
verify	Run npx playwright install --with-deps chromium firefox webkit	2026-10-10T23:46:41.8522109Z   librist4 librsvg2-2 librubberband2 libsamplerate0 libsbc1 libsdl2-2.0-0
verify	Run npx playwright install --with-deps chromium firefox webkit	2026-10-10T23:46:41.8522617Z   libsecret-common libserd-0-0 libshine3 libshout3 libsndfile1 libsndio7.0
verify	Run npx playwright install --with-deps chromium firefox webkit	2026-10-10T23:46:41.8523022Z   libsord-0-0 libsoundtouch1 libsoup-3.0-0 libsoup-3.0-common libsoxr0
verify	Run npx playwright install --with-deps chromium firefox webkit	2026-10-10T23:46:41.8523437Z   libspa-0.2-modules libspandsp2t64 libspeex1 libsphinxbase3t64 libsratom-0-0
verify	Run npx playwright install --with-deps chromium firefox webkit	2026-10-10T23:46:41.8523882Z   libsrt1.5-gnutls libsrtp2-1 libssh-gcrypt-4 libsvtav1enc1d1 libswresample4
verify	Run npx playwright install --with-deps chromium firefox webkit	2026-10-10T23:46:41.8524306Z   libswscale7 libtag1v5 libtag1v5-vanilla libtheora0 libtwolame0 libudfread0
verify	Run npx playwright install --with-deps chromium firefox webkit	2026-10-10T23:46:41.8524883Z   libunibreak5 libv4l-0t64 libv4lconvert0t64 libva-drm2 libva-x11-2 libva2
verify	Run npx playwright install --with-deps chromium firefox webkit	2026-10-10T23:46:41.8525458Z   libvdpau1 libvidstab1.1 libvisual-0.4-0 libvo-aacenc0 libvo-amrwbenc0
verify	Run npx playwright install --with-deps chromium firefox webkit	2026-10-10T23:46:41.8526095Z   libvorbisenc2 libvpl2 libwavpack1 libwebrtc-audio-processing1 libwildmidi2
verify	Run npx playwright install --with-deps chromium firefox webkit	2026-10-10T23:46:41.8526846Z   libx265-199 libxcb-xkb1 libxkbcommon-x11-0 libxml2-dev libxvidcore4 libyuv0
verify	Run npx playwright install --with-deps chromium firefox webkit	2026-10-10T23:46:41.8527404Z   libzbar0t64 libzimg2 libzix-0-0 libzvbi-common libzvbi0t64 libzxing3
verify	Run npx playwright install --with-deps chromium firefox webkit	2026-10-10T23:46:41.8527811Z   ocl-icd-libopencl1 session-migration timgm6mb-soundfont xfonts-encodings
verify	Run npx playwright install --with-deps chromium firefox webkit	2026-10-10T23:46:41.8528114Z   xfonts-utils
verify	Run npx playwright install --with-deps chromium firefox webkit	2026-10-10T23:46:41.8528302Z Suggested packages:
verify	Run npx playwright install --with-deps chromium firefox webkit	2026-10-10T23:46:41.8528717Z   frei0r-plugins gvfs libcuda1 libnvcuvid1 libnvidia-encode1 libbluray-bdj
verify	Run npx playwright install --with-deps chromium firefox webkit	2026-10-10T23:46:41.8529363Z   libdirectfb-extra libdv-bin oss-compat libdvdcss2 libvisual-0.4-plugins
verify	Run npx playwright install --with-deps chromium firefox webkit	2026-10-10T23:46:41.8529975Z   jackd2 liblrdf0-dev libportaudio2 opus-tools pipewire pulseaudio
verify	Run npx playwright install --with-deps chromium firefox webkit	2026-10-10T23:46:41.8530404Z   raptor2-utils libraw1394-doc librsvg2-bin serdi sndiod sordi speex
verify	Run npx playwright install --with-deps chromium firefox webkit	2026-10-10T23:46:41.8530740Z   libwildmidi-config opencl-icd fluid-soundfont-gm
verify	Run npx playwright install --with-deps chromium firefox webkit	2026-10-10T23:46:41.8531004Z Recommended packages:
verify	Run npx playwright install --with-deps chromium firefox webkit	2026-10-10T23:46:41.8531275Z   fonts-ipafont-mincho fonts-tlwg-loma gstreamer1.0-x libaacs0
verify	Run npx playwright install --with-deps chromium firefox webkit	2026-10-10T23:46:41.8531858Z   default-libdecor-0-plugin-1 | libdecor-0-plugin-1 gstreamer1.0-gl
verify	Run npx playwright install --with-deps chromium firefox webkit	2026-10-10T23:46:41.8532499Z   libgtk-4-bin librsvg2-common libgtk-4-media-gstreamer libpipewire-0.3-common
verify	Run npx playwright install --with-deps chromium firefox webkit	2026-10-10T23:46:41.8533257Z   pocketsphinx-en-us va-driver-all | va-driver vdpau-driver-all | vdpau-driver
verify	Run npx playwright install --with-deps chromium firefox webkit	2026-10-10T23:46:41.8533768Z   libmagickcore-6.q16-7-extra
verify	Run npx playwright install --with-deps chromium firefox webkit	2026-10-10T23:46:41.9081323Z The following NEW packages will be installed:
verify	Run npx playwright install --with-deps chromium firefox webkit	2026-10-10T23:46:41.9082150Z   fonts-freefont-ttf fonts-ipafont-gothic fonts-tlwg-loma-otf fonts-unifont
verify	Run npx playwright install --with-deps chromium firefox webkit	2026-10-10T23:46:41.9082879Z   fonts-wqy-zenhei glib-networking glib-networking-common
verify	Run npx playwright install --with-deps chromium firefox webkit	2026-10-10T23:46:41.9083641Z   glib-networking-services gsettings-desktop-schemas gstreamer1.0-libav
verify	Run npx playwright install --with-deps chromium firefox webkit	2026-10-10T23:46:41.9084565Z   gstreamer1.0-plugins-bad gstreamer1.0-plugins-base gstreamer1.0-plugins-good
verify	Run npx playwright install --with-deps chromium firefox webkit	2026-10-10T23:46:41.9085346Z   libaa1 libabsl20220623t64 libass9 libasyncns0 libavc1394-0 libavcodec60
verify	Run npx playwright install --with-deps chromium firefox webkit	2026-10-10T23:46:41.9086101Z   libavfilter9 libavformat60 libavif16 libavtp0 libavutil58 libblas3
verify	Run npx playwright install --with-deps chromium firefox webkit	2026-10-10T23:46:41.9087188Z   libbluray2 libbs2b0 libcaca0 libcairo-script-interpreter2 libcdparanoia0
verify	Run npx playwright install --with-deps chromium firefox webkit	2026-10-10T23:46:41.9087986Z   libchromaprint1 libcjson1 libcodec2-1.2 libdav1d7 libdc1394-25 libdca0
verify	Run npx playwright install --with-deps chromium firefox webkit	2026-10-10T23:46:41.9088699Z   libde265-0 libdecor-0-0 libdirectfb-1.7-7t64 libdv4t64 libdvdnav4
verify	Run npx playwright install --with-deps chromium firefox webkit	2026-10-10T23:46:41.9089339Z   libdvdread8t64 libegl-mesa0 libegl1 libevent-2.1-7t64 libfaad2 libflac12t64
verify	Run npx playwright install --with-deps chromium firefox webkit	2026-10-10T23:46:41.9090421Z   libflite1 libfluidsynth3 libfreeaptx0 libgav1-1 libgles2 libgme0
verify	Run npx playwright install --with-deps chromium firefox webkit	2026-10-10T23:46:41.9091082Z   libgraphene-1.0-0 libgsm1 libgssdp-1.6-0 libgstreamer-gl1.0-0
verify	Run npx playwright install --with-deps chromium firefox webkit	2026-10-10T23:46:41.9091738Z   libgstreamer-plugins-bad1.0-0 libgstreamer-plugins-base1.0-0
verify	Run npx playwright install --with-deps chromium firefox webkit	2026-10-10T23:46:41.9092431Z   libgstreamer-plugins-good1.0-0 libgtk-4-1 libgtk-4-common libgupnp-1.6-0
verify	Run npx playwright install --with-deps chromium firefox webkit	2026-10-10T23:46:41.9093198Z   libgupnp-igd-1.6-0 libharfbuzz-icu0 libhwy1t64 libhyphen0 libiec61883-0
verify	Run npx playwright install --with-deps chromium firefox webkit	2026-10-10T23:46:41.9093964Z   libimath-3-1-29t64 libinstpatch-1.0-2 libjack-jackd2-0 libjxl0.7 liblapack3
verify	Run npx playwright install --with-deps chromium firefox webkit	2026-10-10T23:46:41.9094826Z   liblc3-1 libldacbt-enc2 liblilv-0-0 liblrdf0 libltc11 libmanette-0.2-0
verify	Run npx playwright install --with-deps chromium firefox webkit	2026-10-10T23:46:41.9095629Z   libmbedcrypto7t64 libmfx1 libmjpegutils-2.1-0t64 libmodplug1 libmp3lame0
verify	Run npx playwright install --with-deps chromium firefox webkit	2026-10-10T23:46:41.9096373Z   libmpcdec6 libmpeg2encpp-2.1-0t64 libmpg123-0t64 libmplex2-2.1-0t64
verify	Run npx playwright install --with-deps chromium firefox webkit	2026-10-10T23:46:41.9097192Z   libmysofa1 libneon27t64 libnice10 libopenal-data libopenal1
verify	Run npx playwright install --with-deps chromium firefox webkit	2026-10-10T23:46:41.9097839Z   libopenexr-3-1-30 libopenh264-7 libopenmpt0t64 libopenni2-0 libopus0
verify	Run npx playwright install --with-deps chromium firefox webkit	2026-10-10T23:46:41.9098517Z   liborc-0.4-0t64 libpipewire-0.3-0t64 libplacebo338 libpocketsphinx3
verify	Run npx playwright install --with-deps chromium firefox webkit	2026-10-10T23:46:41.9099214Z   libpostproc57 libproxy1v5 libpulse0 libqrencode4 libraptor2-0 librav1e0
verify	Run npx playwright install --with-deps chromium firefox webkit	2026-10-10T23:46:41.9099936Z   libraw1394-11 librist4 librsvg2-2 librubberband2 libsamplerate0 libsbc1
verify	Run npx playwright install --with-deps chromium firefox webkit	2026-10-10T23:46:41.9100672Z   libsdl2-2.0-0 libsecret-1-0 libsecret-common libserd-0-0 libshine3 libshout3
verify	Run npx playwright install --with-deps chromium firefox webkit	2026-10-10T23:46:41.9101422Z   libsndfile1 libsndio7.0 libsord-0-0 libsoundtouch1 libsoup-3.0-0
verify	Run npx playwright install --with-deps chromium firefox webkit	2026-10-10T23:46:41.9102142Z   libsoup-3.0-common libsoxr0 libspa-0.2-modules libspandsp2t64 libspeex1
verify	Run npx playwright install --with-deps chromium firefox webkit	2026-10-10T23:46:41.9102870Z   libsphinxbase3t64 libsratom-0-0 libsrt1.5-gnutls libsrtp2-1 libssh-gcrypt-4
verify	Run npx playwright install --with-deps chromium firefox webkit	2026-10-10T23:46:41.9103573Z   libsvtav1enc1d1 libswresample4 libswscale7 libtag1v5 libtag1v5-vanilla
verify	Run npx playwright install --with-deps chromium firefox webkit	2026-10-10T23:46:41.9104213Z   libtheora0 libtwolame0 libudfread0 libunibreak5 libv4l-0t64
verify	Run npx playwright install --with-deps chromium firefox webkit	2026-10-10T23:46:41.9104888Z   libv4lconvert0t64 libva-drm2 libva-x11-2 libva2 libvdpau1 libvidstab1.1
verify	Run npx playwright install --with-deps chromium firefox webkit	2026-10-10T23:46:41.9105652Z   libvisual-0.4-0 libvo-aacenc0 libvo-amrwbenc0 libvorbisenc2 libvpl2 libvpx9
verify	Run npx playwright install --with-deps chromium firefox webkit	2026-10-10T23:46:41.9106390Z   libwavpack1 libwayland-server0 libwebrtc-audio-processing1 libwildmidi2
verify	Run npx playwright install --with-deps chromium firefox webkit	2026-10-10T23:46:41.9107186Z   libwoff1 libx264-164 libx265-199 libxcb-xkb1 libxkbcommon-x11-0 libxvidcore4
verify	Run npx playwright install --with-deps chromium firefox webkit	2026-10-10T23:46:41.9107901Z   libyuv0 libzbar0t64 libzimg2 libzix-0-0 libzvbi-common libzvbi0t64 libzxing3
verify	Run npx playwright install --with-deps chromium firefox webkit	2026-10-10T23:46:41.9108602Z   ocl-icd-libopencl1 session-migration timgm6mb-soundfont xfonts-cyrillic
verify	Run npx playwright install --with-deps chromium firefox webkit	2026-10-10T23:46:41.9109411Z   xfonts-encodings xfonts-scalable xfonts-utils
verify	Run npx playwright install --with-deps chromium firefox webkit	2026-10-10T23:46:41.9109879Z The following packages will be upgraded:
verify	Run npx playwright install --with-deps chromium firefox webkit	2026-10-10T23:46:41.9110308Z   libfreetype6 libpng16-16t64 libxml2 libxml2-dev
verify	Run npx playwright install --with-deps chromium firefox webkit	2026-10-10T23:46:41.9481762Z 4 upgraded, 181 newly installed, 0 to remove and 19 not upgraded.
verify	Run npx playwright install --with-deps chromium firefox webkit	2026-10-10T23:46:41.9482286Z Need to get 116 MB of archives.
verify	Run npx playwright install --with-deps chromium firefox webkit	2026-10-10T23:46:41.9482798Z After this operation, 364 MB of additional disk space will be used.
verify	Run npx playwright install --with-deps chromium firefox webkit	2026-10-10T23:46:41.9483395Z Get:1 file:/etc/apt/apt-mirrors.txt Mirrorlist [144 B]
verify	Run npx playwright install --with-deps chromium firefox webkit	2026-10-10T23:46:42.1310289Z Get:2 http://azure.archive.ubuntu.com/ubuntu noble/universe amd64 fonts-ipafont-gothic all 00303-21ubuntu1 [3513 kB]
verify	Run npx playwright install --with-deps chromium firefox webkit	2026-10-10T23:46:42.8992669Z Get:3 http://azure.archive.ubuntu.com/ubuntu noble-updates/main amd64 libxml2-dev amd64 2.9.14+dfsg-1.3ubuntu3.10 [781 kB]
verify	Run npx playwright install --with-deps chromium firefox webkit	2026-10-10T23:46:42.9941908Z Get:4 http://azure.archive.ubuntu.com/ubuntu noble-updates/main amd64 libxml2 amd64 2.9.14+dfsg-1.3ubuntu3.10 [764 kB]
verify	Run npx playwright install --with-deps chromium firefox webkit	2026-10-10T23:46:43.0883980Z Get:5 http://azure.archive.ubuntu.com/ubuntu noble-updates/main amd64 libpng16-16t64 amd64 1.6.43-5ubuntu0.7 [189 kB]
verify	Run npx playwright install --with-deps chromium firefox webkit	2026-10-10T23:46:43.1737415Z Get:6 http://azure.archive.ubuntu.com/ubuntu noble/main amd64 fonts-freefont-ttf all 20211204+svn4273-2 [5641 kB]
verify	Run npx playwright install --with-deps chromium firefox webkit	2026-10-10T23:46:43.3805464Z Get:7 http://azure.archive.ubuntu.com/ubuntu noble/universe amd64 fonts-tlwg-loma-otf all 1:0.7.3-1 [107 kB]
verify	Run npx playwright install --with-deps chromium firefox webkit	2026-10-10T23:46:43.4635780Z Get:8 http://azure.archive.ubuntu.com/ubuntu noble/universe amd64 fonts-unifont all 1:15.1.01-1build1 [2993 kB]
verify	Run npx playwright install --with-deps chromium firefox webkit	2026-10-10T23:46:43.5731820Z Get:9 http://azure.archive.ubuntu.com/ubuntu noble/universe amd64 fonts-wqy-zenhei all 0.9.45-8 [7472 kB]
verify	Run npx playwright install --with-deps chromium firefox webkit	2026-10-10T23:46:43.8328784Z Get:10 http://azure.archive.ubuntu.com/ubuntu noble/main amd64 libproxy1v5 amd64 0.5.4-4build1 [26.5 kB]
verify	Run npx playwright install --with-deps chromium firefox webkit	2026-10-10T23:46:43.9156985Z Get:11 http://azure.archive.ubuntu.com/ubuntu noble/main amd64 glib-networking-common all 2.80.0-1build1 [6702 B]
verify	Run npx playwright install --with-deps chromium firefox webkit	2026-10-10T23:46:43.9980518Z Get:12 http://azure.archive.ubuntu.com/ubuntu noble/main amd64 glib-networking-services amd64 2.80.0-1build1 [12.8 kB]
verify	Run npx playwright install --with-deps chromium firefox webkit	2026-10-10T23:46:44.0807606Z Get:13 http://azure.archive.ubuntu.com/ubuntu noble/main amd64 session-migration amd64 0.3.9build1 [9034 B]
verify	Run npx playwright install --with-deps chromium firefox webkit	2026-10-10T23:46:44.1631471Z Get:14 http://azure.archive.ubuntu.com/ubuntu noble-updates/main amd64 gsettings-desktop-schemas all 46.1-0ubuntu1 [35.6 kB]
verify	Run npx playwright install --with-deps chromium firefox webkit	2026-10-10T23:46:44.2456139Z Get:15 http://azure.archive.ubuntu.com/ubuntu noble/main amd64 glib-networking amd64 2.80.0-1build1 [64.1 kB]
verify	Run npx playwright install --with-deps chromium firefox webkit	2026-10-10T23:46:44.3282117Z Get:16 http://azure.archive.ubuntu.com/ubuntu noble-updates/universe amd64 libva2 amd64 2.20.0-2ubuntu0.2 [66.4 kB]
verify	Run npx playwright install --with-deps chromium firefox webkit	2026-10-10T23:46:44.4111731Z Get:17 http://azure.archive.ubuntu.com/ubuntu noble-updates/universe amd64 libva-drm2 amd64 2.20.0-2ubuntu0.2 [7124 B]
verify	Run npx playwright install --with-deps chromium firefox webkit	2026-10-10T23:46:44.4943722Z Get:18 http://azure.archive.ubuntu.com/ubuntu noble-updates/universe amd64 libva-x11-2 amd64 2.20.0-2ubuntu0.2 [12.0 kB]
verify	Run npx playwright install --with-deps chromium firefox webkit	2026-10-10T23:46:44.5782633Z Get:19 http://azure.archive.ubuntu.com/ubuntu noble/main amd64 libvdpau1 amd64 1.5-2build1 [27.8 kB]
verify	Run npx playwright install --with-deps chromium firefox webkit	2026-10-10T23:46:44.6615342Z Get:20 http://azure.archive.ubuntu.com/ubuntu noble/universe amd64 libvpl2 amd64 2023.3.0-1build1 [99.8 kB]
verify	Run npx playwright install --with-deps chromium firefox webkit	2026-10-10T23:46:44.7454385Z Get:21 http://azure.archive.ubuntu.com/ubuntu noble/universe amd64 ocl-icd-libopencl1 amd64 2.3.2-1build1 [38.5 kB]
verify	Run npx playwright install --with-deps chromium firefox webkit	2026-10-10T23:46:44.8282569Z Get:22 http://azure.archive.ubuntu.com/ubuntu noble/universe amd64 libavutil58 amd64 7:6.1.1-3ubuntu5 [401 kB]
verify	Run npx playwright install --with-deps chromium firefox webkit	2026-10-10T23:46:44.9201310Z Get:23 http://azure.archive.ubuntu.com/ubuntu noble/universe amd64 libcodec2-1.2 amd64 1.2.0-2build1 [8998 kB]
verify	Run npx playwright install --with-deps chromium firefox webkit	2026-10-10T23:46:45.4174020Z Get:24 http://azure.archive.ubuntu.com/ubuntu noble/universe amd64 libdav1d7 amd64 1.4.1-1build1 [604 kB]
verify	Run npx playwright install --with-deps chromium firefox webkit	2026-10-10T23:46:45.5047532Z Get:25 http://azure.archive.ubuntu.com/ubuntu noble/universe amd64 libgsm1 amd64 1.0.22-1build1 [27.8 kB]
verify	Run npx playwright install --with-deps chromium firefox webkit	2026-10-10T23:46:45.5873012Z Get:26 http://azure.archive.ubuntu.com/ubuntu noble/universe amd64 libhwy1t64 amd64 1.0.7-8.1build1 [584 kB]
verify	Run npx playwright install --with-deps chromium firefox webkit	2026-10-10T23:46:45.6746945Z Get:27 http://azure.archive.ubuntu.com/ubuntu noble-updates/universe amd64 libjxl0.7 amd64 0.7.0-10.2ubuntu6.1 [1001 kB]
verify	Run npx playwright install --with-deps chromium firefox webkit	2026-10-10T23:46:45.7654340Z Get:28 http://azure.archive.ubuntu.com/ubuntu noble/main amd64 libmp3lame0 amd64 3.100-6build1 [142 kB]
verify	Run npx playwright install --with-deps chromium firefox webkit	2026-10-10T23:46:45.8488481Z Get:29 http://azure.archive.ubuntu.com/ubuntu noble/main amd64 libopus0 amd64 1.4-1build1 [208 kB]
verify	Run npx playwright install --with-deps chromium firefox webkit	2026-10-10T23:46:45.9334744Z Get:30 http://azure.archive.ubuntu.com/ubuntu noble/universe amd64 librav1e0 amd64 0.7.1-2 [1022 kB]
verify	Run npx playwright install --with-deps chromium firefox webkit	2026-10-10T23:46:46.0443576Z Get:31 http://azure.archive.ubuntu.com/ubuntu noble-updates/main amd64 librsvg2-2 amd64 2.58.0+dfsg-1ubuntu0.1 [2141 kB]
verify	Run npx playwright install --with-deps chromium firefox webkit	2026-10-10T23:46:46.1772365Z Get:32 http://azure.archive.ubuntu.com/ubuntu noble/universe amd64 libshine3 amd64 3.1.1-2build1 [23.2 kB]
verify	Run npx playwright install --with-deps chromium firefox webkit	2026-10-10T23:46:46.2596198Z Get:33 http://azure.archive.ubuntu.com/ubuntu noble-updates/main amd64 libspeex1 amd64 1.2.1-2ubuntu2.24.04.1 [59.6 kB]
verify	Run npx playwright install --with-deps chromium firefox webkit	2026-10-10T23:46:46.3428014Z Get:34 http://azure.archive.ubuntu.com/ubuntu noble/universe amd64 libsvtav1enc1d1 amd64 1.7.0+dfsg-2build1 [2425 kB]
verify	Run npx playwright install --with-deps chromium firefox webkit	2026-10-10T23:46:46.4872277Z Get:35 http://azure.archive.ubuntu.com/ubuntu noble/universe amd64 libsoxr0 amd64 0.1.3-4build3 [80.0 kB]
verify	Run npx playwright install --with-deps chromium firefox webkit	2026-10-10T23:46:46.5722401Z Get:36 http://azure.archive.ubuntu.com/ubuntu noble/universe amd64 libswresample4 amd64 7:6.1.1-3ubuntu5 [63.8 kB]
verify	Run npx playwright install --with-deps chromium firefox webkit	2026-10-10T23:46:46.6554437Z Get:37 http://azure.archive.ubuntu.com/ubuntu noble/main amd64 libtheora0 amd64 1.1.1+dfsg.1-16.1build3 [211 kB]
verify	Run npx playwright install --with-deps chromium firefox webkit	2026-10-10T23:46:46.7429712Z Get:38 http://azure.archive.ubuntu.com/ubuntu noble/main amd64 libtwolame0 amd64 0.4.0-2build3 [52.3 kB]
verify	Run npx playwright install --with-deps chromium firefox webkit	2026-10-10T23:46:46.8265415Z Get:39 http://azure.archive.ubuntu.com/ubuntu noble/main amd64 libvorbisenc2 amd64 1.3.7-1build3 [80.8 kB]
verify	Run npx playwright install --with-deps chromium firefox webkit	2026-10-10T23:46:46.9101478Z Get:40 http://azure.archive.ubuntu.com/ubuntu noble-updates/main amd64 libvpx9 amd64 1.14.0-1ubuntu2.3 [1143 kB]
verify	Run npx playwright install --with-deps chromium firefox webkit	2026-10-10T23:46:47.0214723Z Get:41 http://azure.archive.ubuntu.com/ubuntu noble/universe amd64 libx264-164 amd64 2:0.164.3108+git31e19f9-1 [604 kB]
verify	Run npx playwright install --with-deps chromium firefox webkit	2026-10-10T23:46:47.1183896Z Get:42 http://azure.archive.ubuntu.com/ubuntu noble/universe amd64 libx265-199 amd64 3.5-2build1 [1226 kB]
verify	Run npx playwright install --with-deps chromium firefox webkit	2026-10-10T23:46:47.2317369Z Get:43 http://azure.archive.ubuntu.com/ubuntu noble/universe amd64 libxvidcore4 amd64 2:1.3.7-1build1 [219 kB]
verify	Run npx playwright install --with-deps chromium firefox webkit	2026-10-10T23:46:47.3191087Z Get:44 http://azure.archive.ubuntu.com/ubuntu noble/universe amd64 libzvbi-common all 0.2.42-2 [42.4 kB]
verify	Run npx playwright install --with-deps chromium firefox webkit	2026-10-10T23:46:47.4022003Z Get:45 http://azure.archive.ubuntu.com/ubuntu noble/universe amd64 libzvbi0t64 amd64 0.2.42-2 [261 kB]
verify	Run npx playwright install --with-deps chromium firefox webkit	2026-10-10T23:46:47.4903455Z Get:46 http://azure.archive.ubuntu.com/ubuntu noble/universe amd64 libavcodec60 amd64 7:6.1.1-3ubuntu5 [5851 kB]
verify	Run npx playwright install --with-deps chromium firefox webkit	2026-10-10T23:46:47.7234444Z Get:47 http://azure.archive.ubuntu.com/ubuntu noble-updates/main amd64 libfreetype6 amd64 2.13.2+dfsg-1ubuntu0.2 [403 kB]
verify	Run npx playwright install --with-deps chromium firefox webkit	2026-10-10T23:46:47.8157895Z Get:48 http://azure.archive.ubuntu.com/ubuntu noble/universe amd64 libunibreak5 amd64 5.1-2build1 [25.0 kB]
verify	Run npx playwright install --with-deps chromium firefox webkit	2026-10-10T23:46:47.8981721Z Get:49 http://azure.archive.ubuntu.com/ubuntu noble/universe amd64 libass9 amd64 1:0.17.1-2build1 [104 kB]
verify	Run npx playwright install --with-deps chromium firefox webkit	2026-10-10T23:46:47.9826158Z Get:50 http://azure.archive.ubuntu.com/ubuntu noble/universe amd64 libudfread0 amd64 1.1.2-1build1 [19.0 kB]
verify	Run npx playwright install --with-deps chromium firefox webkit	2026-10-10T23:46:48.0650896Z Get:51 http://azure.archive.ubuntu.com/ubuntu noble/universe amd64 libbluray2 amd64 1:1.3.4-1build1 [159 kB]
verify	Run npx playwright install --with-deps chromium firefox webkit	2026-10-10T23:46:48.1507746Z Get:52 http://azure.archive.ubuntu.com/ubuntu noble/universe amd64 libchromaprint1 amd64 1.5.1-5 [30.5 kB]
verify	Run npx playwright install --with-deps chromium firefox webkit	2026-10-10T23:46:48.2337002Z Get:53 http://azure.archive.ubuntu.com/ubuntu noble/universe amd64 libgme0 amd64 0.6.3-7build1 [134 kB]
verify	Run npx playwright install --with-deps chromium firefox webkit	2026-10-10T23:46:48.3184224Z Get:54 http://azure.archive.ubuntu.com/ubuntu noble-updates/main amd64 libmpg123-0t64 amd64 1.32.5-1ubuntu1.1 [169 kB]
verify	Run npx playwright install --with-deps chromium firefox webkit	2026-10-10T23:46:48.4043043Z Get:55 http://azure.archive.ubuntu.com/ubuntu noble/universe amd64 libopenmpt0t64 amd64 0.7.3-1.1build3 [647 kB]
verify	Run npx playwright install --with-deps chromium firefox webkit	2026-10-10T23:46:48.5023880Z Get:56 http://azure.archive.ubuntu.com/ubuntu noble/universe amd64 libcjson1 amd64 1.7.17-1 [24.8 kB]
verify	Run npx playwright install --with-deps chromium firefox webkit	2026-10-10T23:46:48.5869493Z Get:57 http://azure.archive.ubuntu.com/ubuntu noble/universe amd64 libmbedcrypto7t64 amd64 2.28.8-1 [209 kB]
verify	Run npx playwright install --with-deps chromium firefox webkit	2026-10-10T23:46:48.6731426Z Get:58 http://azure.archive.ubuntu.com/ubuntu noble/universe amd64 librist4 amd64 0.2.10+dfsg-2 [74.9 kB]
verify	Run npx playwright install --with-deps chromium firefox webkit	2026-10-10T23:46:48.7568441Z Get:59 http://azure.archive.ubuntu.com/ubuntu noble/universe amd64 libsrt1.5-gnutls amd64 1.5.3-1build2 [316 kB]
verify	Run npx playwright install --with-deps chromium firefox webkit	2026-10-10T23:46:48.8468190Z Get:60 http://azure.archive.ubuntu.com/ubuntu noble-updates/main amd64 libssh-gcrypt-4 amd64 0.10.6-2ubuntu0.5 [226 kB]
verify	Run npx playwright install --with-deps chromium firefox webkit	2026-10-10T23:46:48.9341938Z Get:61 http://azure.archive.ubuntu.com/ubuntu noble/universe amd64 libavformat60 amd64 7:6.1.1-3ubuntu5 [1153 kB]
verify	Run npx playwright install --with-deps chromium firefox webkit	2026-10-10T23:46:49.0457952Z Get:62 http://azure.archive.ubuntu.com/ubuntu noble/universe amd64 libbs2b0 amd64 3.1.0+dfsg-7build1 [10.6 kB]
verify	Run npx playwright install --with-deps chromium firefox webkit	2026-10-10T23:46:49.1280664Z Get:63 http://azure.archive.ubuntu.com/ubuntu noble/universe amd64 libflite1 amd64 2.2-6build3 [13.6 MB]
verify	Run npx playwright install --with-deps chromium firefox webkit	2026-10-10T23:46:49.5642635Z Get:64 http://azure.archive.ubuntu.com/ubuntu noble/universe amd64 libserd-0-0 amd64 0.32.2-1 [43.6 kB]
verify	Run npx playwright install --with-deps chromium firefox webkit	2026-10-10T23:46:49.6469534Z Get:65 http://azure.archive.ubuntu.com/ubuntu noble/universe amd64 libzix-0-0 amd64 0.4.2-2build1 [23.6 kB]
verify	Run npx playwright install --with-deps chromium firefox webkit	2026-10-10T23:46:49.7293256Z Get:66 http://azure.archive.ubuntu.com/ubuntu noble/universe amd64 libsord-0-0 amd64 0.16.16-2build1 [15.8 kB]
verify	Run npx playwright install --with-deps chromium firefox webkit	2026-10-10T23:46:49.8117025Z Get:67 http://azure.archive.ubuntu.com/ubuntu noble/universe amd64 libsratom-0-0 amd64 0.6.16-1build1 [17.3 kB]
verify	Run npx playwright install --with-deps chromium firefox webkit	2026-10-10T23:46:49.8940984Z Get:68 http://azure.archive.ubuntu.com/ubuntu noble/universe amd64 liblilv-0-0 amd64 0.24.22-1build1 [41.0 kB]
verify	Run npx playwright install --with-deps chromium firefox webkit	2026-10-10T23:46:49.9770212Z Get:69 http://azure.archive.ubuntu.com/ubuntu noble/universe amd64 libmysofa1 amd64 1.3.2+dfsg-2ubuntu2 [1158 kB]
verify	Run npx playwright install --with-deps chromium firefox webkit	2026-10-10T23:46:50.0882942Z Get:70 http://azure.archive.ubuntu.com/ubuntu noble/universe amd64 libplacebo338 amd64 6.338.2-2build1 [2654 kB]
verify	Run npx playwright install --with-deps chromium firefox webkit	2026-10-10T23:46:50.2382299Z Get:71 http://azure.archive.ubuntu.com/ubuntu noble-updates/main amd64 libblas3 amd64 3.12.0-3build1.1 [238 kB]
verify	Run npx playwright install --with-deps chromium firefox webkit	2026-10-10T23:46:50.3272115Z Get:72 http://azure.archive.ubuntu.com/ubuntu noble-updates/main amd64 liblapack3 amd64 3.12.0-3build1.1 [2646 kB]
verify	Run npx playwright install --with-deps chromium firefox webkit	2026-10-10T23:46:50.4773102Z Get:73 http://azure.archive.ubuntu.com/ubuntu noble/main amd64 libasyncns0 amd64 0.8-6build4 [11.3 kB]
verify	Run npx playwright install --with-deps chromium firefox webkit	2026-10-10T23:46:50.5596828Z Get:74 http://azure.archive.ubuntu.com/ubuntu noble/main amd64 libflac12t64 amd64 1.4.3+ds-2.1ubuntu2 [197 kB]
verify	Run npx playwright install --with-deps chromium firefox webkit	2026-10-10T23:46:50.6461810Z Get:75 http://azure.archive.ubuntu.com/ubuntu noble-updates/main amd64 libsndfile1 amd64 1.2.2-1ubuntu5.24.04.1 [209 kB]
verify	Run npx playwright install --with-deps chromium firefox webkit	2026-10-10T23:46:50.7339979Z Get:76 http://azure.archive.ubuntu.com/ubuntu noble-updates/main amd64 libpulse0 amd64 1:16.1+dfsg1-2ubuntu10.1 [292 kB]
verify	Run npx playwright install --with-deps chromium firefox webkit	2026-10-10T23:46:50.8232833Z Get:77 http://azure.archive.ubuntu.com/ubuntu noble/universe amd64 libsphinxbase3t64 amd64 0.8+5prealpha+1-17build2 [126 kB]
verify	Run npx playwright install --with-deps chromium firefox webkit	2026-10-10T23:46:50.9081493Z Get:78 http://azure.archive.ubuntu.com/ubuntu noble/universe amd64 libpocketsphinx3 amd64 0.8.0+real5prealpha+1-15ubuntu5 [133 kB]
verify	Run npx playwright install --with-deps chromium firefox webkit	2026-10-10T23:46:50.9936008Z Get:79 http://azure.archive.ubuntu.com/ubuntu noble/universe amd64 libpostproc57 amd64 7:6.1.1-3ubuntu5 [49.9 kB]
verify	Run npx playwright install --with-deps chromium firefox webkit	2026-10-10T23:46:51.0764603Z Get:80 http://azure.archive.ubuntu.com/ubuntu noble/main amd64 libsamplerate0 amd64 0.2.2-4build1 [1344 kB]
verify	Run npx playwright install --with-deps chromium firefox webkit	2026-10-10T23:46:51.1938398Z Get:81 http://azure.archive.ubuntu.com/ubuntu noble/universe amd64 librubberband2 amd64 3.3.0+dfsg-2build1 [130 kB]
verify	Run npx playwright install --with-deps chromium firefox webkit	2026-10-10T23:46:51.2785920Z Get:82 http://azure.archive.ubuntu.com/ubuntu noble/universe amd64 libswscale7 amd64 7:6.1.1-3ubuntu5 [193 kB]
verify	Run npx playwright install --with-deps chromium firefox webkit	2026-10-10T23:46:51.3654172Z Get:83 http://azure.archive.ubuntu.com/ubuntu noble/universe amd64 libvidstab1.1 amd64 1.1.0-2build1 [38.5 kB]
verify	Run npx playwright install --with-deps chromium firefox webkit	2026-10-10T23:46:51.4482275Z Get:84 http://azure.archive.ubuntu.com/ubuntu noble/universe amd64 libzimg2 amd64 3.0.5+ds1-1build1 [254 kB]
verify	Run npx playwright install --with-deps chromium firefox webkit	2026-10-10T23:46:51.5385416Z Get:85 http://azure.archive.ubuntu.com/ubuntu noble/universe amd64 libavfilter9 amd64 7:6.1.1-3ubuntu5 [4235 kB]
verify	Run npx playwright install --with-deps chromium firefox webkit	2026-10-10T23:46:51.7326103Z Get:86 http://azure.archive.ubuntu.com/ubuntu noble-updates/main amd64 liborc-0.4-0t64 amd64 1:0.4.38-1ubuntu0.1 [207 kB]
verify	Run npx playwright install --with-deps chromium firefox webkit	2026-10-10T23:46:51.8195129Z Get:87 http://azure.archive.ubuntu.com/ubuntu noble-updates/main amd64 libgstreamer-plugins-base1.0-0 amd64 1.24.2-1ubuntu0.5 [862 kB]
verify	Run npx playwright install --with-deps chromium firefox webkit	2026-10-10T23:46:51.9236988Z Get:88 http://azure.archive.ubuntu.com/ubuntu noble/universe amd64 gstreamer1.0-libav amd64 1.24.1-1build1 [103 kB]
verify	Run npx playwright install --with-deps chromium firefox webkit	2026-10-10T23:46:52.0081872Z Get:89 http://azure.archive.ubuntu.com/ubuntu noble/main amd64 libcdparanoia0 amd64 3.10.2+debian-14build3 [48.5 kB]
verify	Run npx playwright install --with-deps chromium firefox webkit	2026-10-10T23:46:52.0910570Z Get:90 http://azure.archive.ubuntu.com/ubuntu noble/main amd64 libvisual-0.4-0 amd64 0.4.2-2build1 [115 kB]
verify	Run npx playwright install --with-deps chromium firefox webkit	2026-10-10T23:46:52.1755870Z Get:91 http://azure.archive.ubuntu.com/ubuntu noble-updates/main amd64 gstreamer1.0-plugins-base amd64 1.24.2-1ubuntu0.5 [721 kB]
verify	Run npx playwright install --with-deps chromium firefox webkit	2026-10-10T23:46:52.2757108Z Get:92 http://azure.archive.ubuntu.com/ubuntu noble/main amd64 libaa1 amd64 1.4p5-51.1 [49.9 kB]
verify	Run npx playwright install --with-deps chromium firefox webkit	2026-10-10T23:46:52.3588984Z Get:93 http://azure.archive.ubuntu.com/ubuntu noble/main amd64 libraw1394-11 amd64 2.1.2-2build3 [26.2 kB]
verify	Run npx playwright install --with-deps chromium firefox webkit	2026-10-10T23:46:52.4421499Z Get:94 http://azure.archive.ubuntu.com/ubuntu noble/main amd64 libavc1394-0 amd64 0.5.4-5build3 [15.4 kB]
verify	Run npx playwright install --with-deps chromium firefox webkit	2026-10-10T23:46:52.5261626Z Get:95 http://azure.archive.ubuntu.com/ubuntu noble-updates/main amd64 libcaca0 amd64 0.99.beta20-4ubuntu0.2 [209 kB]
verify	Run npx playwright install --with-deps chromium firefox webkit	2026-10-10T23:46:52.6129560Z Get:96 http://azure.archive.ubuntu.com/ubuntu noble/main amd64 libdv4t64 amd64 1.0.0-17.1build1 [63.2 kB]
verify	Run npx playwright install --with-deps chromium firefox webkit	2026-10-10T23:46:52.6963019Z Get:97 http://azure.archive.ubuntu.com/ubuntu noble-updates/main amd64 libgstreamer-plugins-good1.0-0 amd64 1.24.2-1ubuntu1.8 [34.3 kB]
verify	Run npx playwright install --with-deps chromium firefox webkit	2026-10-10T23:46:52.7789512Z Get:98 http://azure.archive.ubuntu.com/ubuntu noble/main amd64 libiec61883-0 amd64 1.2.0-6build1 [24.5 kB]
verify	Run npx playwright install --with-deps chromium firefox webkit	2026-10-10T23:46:52.8617553Z Get:99 http://azure.archive.ubuntu.com/ubuntu noble/main amd64 libshout3 amd64 2.4.6-1build2 [50.3 kB]
verify	Run npx playwright install --with-deps chromium firefox webkit	2026-10-10T23:46:52.9446124Z Get:100 http://azure.archive.ubuntu.com/ubuntu noble/main amd64 libtag1v5-vanilla amd64 1.13.1-1build1 [326 kB]
verify	Run npx playwright install --with-deps chromium firefox webkit	2026-10-10T23:46:53.0344152Z Get:101 http://azure.archive.ubuntu.com/ubuntu noble/main amd64 libtag1v5 amd64 1.13.1-1build1 [11.7 kB]
verify	Run npx playwright install --with-deps chromium firefox webkit	2026-10-10T23:46:53.1167660Z Get:102 http://azure.archive.ubuntu.com/ubuntu noble/main amd64 libv4lconvert0t64 amd64 1.26.1-4build3 [87.6 kB]
verify	Run npx playwright install --with-deps chromium firefox webkit	2026-10-10T23:46:53.1386923Z Get:103 http://azure.archive.ubuntu.com/ubuntu noble/main amd64 libv4l-0t64 amd64 1.26.1-4build3 [46.9 kB]
verify	Run npx playwright install --with-deps chromium firefox webkit	2026-10-10T23:46:53.1546967Z Get:104 http://azure.archive.ubuntu.com/ubuntu noble/main amd64 libwavpack1 amd64 5.6.0-1build1 [84.6 kB]
verify	Run npx playwright install --with-deps chromium firefox webkit	2026-10-10T23:46:53.1701089Z Get:105 http://azure.archive.ubuntu.com/ubuntu noble-updates/main amd64 libsoup-3.0-common all 3.4.4-5ubuntu0.9 [12.3 kB]
verify	Run npx playwright install --with-deps chromium firefox webkit	2026-10-10T23:46:53.1843419Z Get:106 http://azure.archive.ubuntu.com/ubuntu noble-updates/main amd64 libsoup-3.0-0 amd64 3.4.4-5ubuntu0.9 [291 kB]
verify	Run npx playwright install --with-deps chromium firefox webkit	2026-10-10T23:46:53.2005545Z Get:107 http://azure.archive.ubuntu.com/ubuntu noble-updates/main amd64 gstreamer1.0-plugins-good amd64 1.24.2-1ubuntu1.8 [2236 kB]
verify	Run npx playwright install --with-deps chromium firefox webkit	2026-10-10T23:46:53.2255483Z Get:108 http://azure.archive.ubuntu.com/ubuntu noble-updates/main amd64 libabsl20220623t64 amd64 20220623.1-3.1ubuntu3.2 [423 kB]
verify	Run npx playwright install --with-deps chromium firefox webkit	2026-10-10T23:46:53.2417726Z Get:109 http://azure.archive.ubuntu.com/ubuntu noble/universe amd64 libgav1-1 amd64 0.18.0-1build3 [357 kB]
verify	Run npx playwright install --with-deps chromium firefox webkit	2026-10-10T23:46:53.2582015Z Get:110 http://azure.archive.ubuntu.com/ubuntu noble/universe amd64 libyuv0 amd64 0.0~git202401110.af6ac82-1 [178 kB]
verify	Run npx playwright install --with-deps chromium firefox webkit	2026-10-10T23:46:53.2733884Z Get:111 http://azure.archive.ubuntu.com/ubuntu noble/universe amd64 libavif16 amd64 1.0.4-1ubuntu3 [91.2 kB]
verify	Run npx playwright install --with-deps chromium firefox webkit	2026-10-10T23:46:53.2880254Z Get:112 http://azure.archive.ubuntu.com/ubuntu noble/universe amd64 libavtp0 amd64 0.2.0-1build1 [6414 B]
verify	Run npx playwright install --with-deps chromium firefox webkit	2026-10-10T23:46:53.3023690Z Get:113 http://azure.archive.ubuntu.com/ubuntu noble/main amd64 libcairo-script-interpreter2 amd64 1.18.0-3build1 [60.3 kB]
verify	Run npx playwright install --with-deps chromium firefox webkit	2026-10-10T23:46:53.3172268Z Get:114 http://azure.archive.ubuntu.com/ubuntu noble/universe amd64 libdc1394-25 amd64 2.2.6-4build1 [90.1 kB]
verify	Run npx playwright install --with-deps chromium firefox webkit	2026-10-10T23:46:53.3347126Z Get:115 http://azure.archive.ubuntu.com/ubuntu noble-updates/main amd64 libde265-0 amd64 1.0.15-1ubuntu0.2 [167 kB]
verify	Run npx playwright install --with-deps chromium firefox webkit	2026-10-10T23:46:53.3497865Z Get:116 http://azure.archive.ubuntu.com/ubuntu noble/main amd64 libdecor-0-0 amd64 0.2.2-1build2 [16.5 kB]
verify	Run npx playwright install --with-deps chromium firefox webkit	2026-10-10T23:46:53.3641159Z Get:117 http://azure.archive.ubuntu.com/ubuntu noble/main amd64 libgles2 amd64 1.7.0-1build1 [17.1 kB]
verify	Run npx playwright install --with-deps chromium firefox webkit	2026-10-10T23:46:53.3784928Z Get:118 http://azure.archive.ubuntu.com/ubuntu noble/universe amd64 libdirectfb-1.7-7t64 amd64 1.7.7-11.1ubuntu2 [1035 kB]
verify	Run npx playwright install --with-deps chromium firefox webkit	2026-10-10T23:46:53.3981977Z Get:119 http://azure.archive.ubuntu.com/ubuntu noble/universe amd64 libdvdread8t64 amd64 6.1.3-1.1build1 [54.7 kB]
verify	Run npx playwright install --with-deps chromium firefox webkit	2026-10-10T23:46:53.4125756Z Get:120 http://azure.archive.ubuntu.com/ubuntu noble/universe amd64 libdvdnav4 amd64 6.1.1-3build1 [39.5 kB]
verify	Run npx playwright install --with-deps chromium firefox webkit	2026-10-10T23:46:53.4715282Z Get:121 http://azure.archive.ubuntu.com/ubuntu noble-updates/main amd64 libegl-mesa0 amd64 25.2.8-0ubuntu0.24.04.4 [117 kB]
verify	Run npx playwright install --with-deps chromium firefox webkit	2026-10-10T23:46:53.4870175Z Get:122 http://azure.archive.ubuntu.com/ubuntu noble-updates/main amd64 libevent-2.1-7t64 amd64 2.1.12-stable-9ubuntu2.2 [146 kB]
verify	Run npx playwright install --with-deps chromium firefox webkit	2026-10-10T23:46:53.5028223Z Get:123 http://azure.archive.ubuntu.com/ubuntu noble/universe amd64 libfaad2 amd64 2.11.1-1build1 [207 kB]
verify	Run npx playwright install --with-deps chromium firefox webkit	2026-10-10T23:46:53.5187268Z Get:124 http://azure.archive.ubuntu.com/ubuntu noble/universe amd64 libinstpatch-1.0-2 amd64 1.1.6-1build2 [251 kB]
verify	Run npx playwright install --with-deps chromium firefox webkit	2026-10-10T23:46:53.5350552Z Get:125 http://azure.archive.ubuntu.com/ubuntu noble/main amd64 libjack-jackd2-0 amd64 1.9.21~dfsg-3ubuntu3 [289 kB]
verify	Run npx playwright install --with-deps chromium firefox webkit	2026-10-10T23:46:53.5514700Z Get:126 http://azure.archive.ubuntu.com/ubuntu noble/main amd64 libwebrtc-audio-processing1 amd64 0.3.1-0ubuntu6 [290 kB]
verify	Run npx playwright install --with-deps chromium firefox webkit	2026-10-10T23:46:53.5677872Z Get:127 http://azure.archive.ubuntu.com/ubuntu noble-updates/main amd64 libspa-0.2-modules amd64 1.0.5-1ubuntu3.3 [628 kB]
verify	Run npx playwright install --with-deps chromium firefox webkit	2026-10-10T23:46:53.5860428Z Get:128 http://azure.archive.ubuntu.com/ubuntu noble-updates/main amd64 libpipewire-0.3-0t64 amd64 1.0.5-1ubuntu3.3 [252 kB]
verify	Run npx playwright install --with-deps chromium firefox webkit	2026-10-10T23:46:53.6020862Z Get:129 http://azure.archive.ubuntu.com/ubuntu noble-updates/main amd64 libsdl2-2.0-0 amd64 2.30.0+dfsg-1ubuntu3.1 [686 kB]
verify	Run npx playwright install --with-deps chromium firefox webkit	2026-10-10T23:46:53.6211451Z Get:130 http://azure.archive.ubuntu.com/ubuntu noble/universe amd64 timgm6mb-soundfont all 1.3-5 [5427 kB]
verify	Run npx playwright install --with-deps chromium firefox webkit	2026-10-10T23:46:53.6625400Z Get:131 http://azure.archive.ubuntu.com/ubuntu noble/universe amd64 libfluidsynth3 amd64 2.3.4-1build3 [249 kB]
verify	Run npx playwright install --with-deps chromium firefox webkit	2026-10-10T23:46:53.6778170Z Get:132 http://azure.archive.ubuntu.com/ubuntu noble/main amd64 libfreeaptx0 amd64 0.1.1-2build1 [13.5 kB]
verify	Run npx playwright install --with-deps chromium firefox webkit	2026-10-10T23:46:53.6921123Z Get:133 http://azure.archive.ubuntu.com/ubuntu noble/main amd64 libgraphene-1.0-0 amd64 1.10.8-3build2 [46.2 kB]
verify	Run npx playwright install --with-deps chromium firefox webkit	2026-10-10T23:46:53.7070768Z Get:134 http://azure.archive.ubuntu.com/ubuntu noble/main amd64 libgssdp-1.6-0 amd64 1.6.3-1build3 [40.4 kB]
verify	Run npx playwright install --with-deps chromium firefox webkit	2026-10-10T23:46:53.7221803Z Get:135 http://azure.archive.ubuntu.com/ubuntu noble/main amd64 libegl1 amd64 1.7.0-1build1 [28.7 kB]
verify	Run npx playwright install --with-deps chromium firefox webkit	2026-10-10T23:46:53.7399661Z Get:136 http://azure.archive.ubuntu.com/ubuntu noble-updates/main amd64 libgstreamer-gl1.0-0 amd64 1.24.2-1ubuntu0.5 [214 kB]
verify	Run npx playwright install --with-deps chromium firefox webkit	2026-10-10T23:46:53.7553964Z Get:137 http://azure.archive.ubuntu.com/ubuntu noble-updates/main amd64 libgtk-4-common all 4.14.5+ds-0ubuntu0.10 [1497 kB]
verify	Run npx playwright install --with-deps chromium firefox webkit	2026-10-10T23:46:53.7772861Z Get:138 http://azure.archive.ubuntu.com/ubuntu noble-updates/main amd64 libgtk-4-1 amd64 4.14.5+ds-0ubuntu0.10 [3295 kB]
verify	Run npx playwright install --with-deps chromium firefox webkit	2026-10-10T23:46:53.8511725Z Get:139 http://azure.archive.ubuntu.com/ubuntu noble/main amd64 libgupnp-1.6-0 amd64 1.6.6-1build3 [92.7 kB]
verify	Run npx playwright install --with-deps chromium firefox webkit	2026-10-10T23:46:53.8661329Z Get:140 http://azure.archive.ubuntu.com/ubuntu noble/universe amd64 libgupnp-igd-1.6-0 amd64 1.6.0-3build3 [16.5 kB]
verify	Run npx playwright install --with-deps chromium firefox webkit	2026-10-10T23:46:53.8802426Z Get:141 http://azure.archive.ubuntu.com/ubuntu noble/main amd64 libharfbuzz-icu0 amd64 8.3.0-2build2 [13.3 kB]
verify	Run npx playwright install --with-deps chromium firefox webkit	2026-10-10T23:46:53.8942908Z Get:142 http://azure.archive.ubuntu.com/ubuntu noble/main amd64 libhyphen0 amd64 2.8.8-7build3 [26.5 kB]
verify	Run npx playwright install --with-deps chromium firefox webkit	2026-10-10T23:46:53.9102228Z Get:143 http://azure.archive.ubuntu.com/ubuntu noble/universe amd64 libimath-3-1-29t64 amd64 3.1.9-3.1ubuntu2 [72.2 kB]
verify	Run npx playwright install --with-deps chromium firefox webkit	2026-10-10T23:46:53.9248583Z Get:144 http://azure.archive.ubuntu.com/ubuntu noble/main amd64 liblc3-1 amd64 1.0.4-3build1 [69.7 kB]
verify	Run npx playwright install --with-deps chromium firefox webkit	2026-10-10T23:46:53.9393996Z Get:145 http://azure.archive.ubuntu.com/ubuntu noble/main amd64 libldacbt-enc2 amd64 2.0.2.3+git20200429+ed310a0-4ubuntu2 [27.1 kB]
verify	Run npx playwright install --with-deps chromium firefox webkit	2026-10-10T23:46:53.9554441Z Get:146 http://azure.archive.ubuntu.com/ubuntu noble-updates/main amd64 libraptor2-0 amd64 2.0.16-3ubuntu0.1 [165 kB]
verify	Run npx playwright install --with-deps chromium firefox webkit	2026-10-10T23:46:53.9702409Z Get:147 http://azure.archive.ubuntu.com/ubuntu noble/universe amd64 liblrdf0 amd64 0.6.1-4build1 [18.5 kB]
verify	Run npx playwright install --with-deps chromium firefox webkit	2026-10-10T23:46:53.9844270Z Get:148 http://azure.archive.ubuntu.com/ubuntu noble/universe amd64 libltc11 amd64 1.3.2-1build1 [13.0 kB]
verify	Run npx playwright install --with-deps chromium firefox webkit	2026-10-10T23:46:53.9987329Z Get:149 http://azure.archive.ubuntu.com/ubuntu noble/main amd64 libmanette-0.2-0 amd64 0.2.7-1build2 [30.6 kB]
verify	Run npx playwright install --with-deps chromium firefox webkit	2026-10-10T23:46:54.0161306Z Get:150 http://azure.archive.ubuntu.com/ubuntu noble/universe amd64 libmfx1 amd64 22.5.4-1 [3124 kB]
verify	Run npx playwright install --with-deps chromium firefox webkit	2026-10-10T23:46:54.0446541Z Get:151 http://azure.archive.ubuntu.com/ubuntu noble/universe amd64 libmjpegutils-2.1-0t64 amd64 1:2.1.0+debian-8.1build1 [25.5 kB]
verify	Run npx playwright install --with-deps chromium firefox webkit	2026-10-10T23:46:54.0588969Z Get:152 http://azure.archive.ubuntu.com/ubuntu noble/universe amd64 libmodplug1 amd64 1:0.8.9.0-3build1 [166 kB]
verify	Run npx playwright install --with-deps chromium firefox webkit	2026-10-10T23:46:54.0739907Z Get:153 http://azure.archive.ubuntu.com/ubuntu noble/universe amd64 libmpcdec6 amd64 2:0.1~r495-2build1 [32.7 kB]
verify	Run npx playwright install --with-deps chromium firefox webkit	2026-10-10T23:46:54.0883128Z Get:154 http://azure.archive.ubuntu.com/ubuntu noble/universe amd64 libmpeg2encpp-2.1-0t64 amd64 1:2.1.0+debian-8.1build1 [75.6 kB]
verify	Run npx playwright install --with-deps chromium firefox webkit	2026-10-10T23:46:54.1027037Z Get:155 http://azure.archive.ubuntu.com/ubuntu noble/universe amd64 libmplex2-2.1-0t64 amd64 1:2.1.0+debian-8.1build1 [46.1 kB]
verify	Run npx playwright install --with-deps chromium firefox webkit	2026-10-10T23:46:54.1170844Z Get:156 http://azure.archive.ubuntu.com/ubuntu noble/universe amd64 libneon27t64 amd64 0.33.0-1.1build3 [102 kB]
verify	Run npx playwright install --with-deps chromium firefox webkit	2026-10-10T23:46:54.1316396Z Get:157 http://azure.archive.ubuntu.com/ubuntu noble/universe amd64 libnice10 amd64 0.1.21-2build3 [157 kB]
verify	Run npx playwright install --with-deps chromium firefox webkit	2026-10-10T23:46:54.1909418Z Get:158 http://azure.archive.ubuntu.com/ubuntu noble/universe amd64 libopenal-data all 1:1.23.1-4build1 [161 kB]
verify	Run npx playwright install --with-deps chromium firefox webkit	2026-10-10T23:46:54.2078711Z Get:159 http://azure.archive.ubuntu.com/ubuntu noble/universe amd64 libopenexr-3-1-30 amd64 3.1.5-5.1build3 [1004 kB]
verify	Run npx playwright install --with-deps chromium firefox webkit	2026-10-10T23:46:54.2480181Z Get:160 http://azure.archive.ubuntu.com/ubuntu noble/universe amd64 libopenh264-7 amd64 2.4.1+dfsg-1 [409 kB]
verify	Run npx playwright install --with-deps chromium firefox webkit	2026-10-10T23:46:54.3346385Z Get:161 http://azure.archive.ubuntu.com/ubuntu noble/universe amd64 libopenni2-0 amd64 2.2.0.33+dfsg-18 [370 kB]
verify	Run npx playwright install --with-deps chromium firefox webkit	2026-10-10T23:46:54.3579480Z Get:162 http://azure.archive.ubuntu.com/ubuntu noble/universe amd64 libqrencode4 amd64 4.1.1-1build2 [25.0 kB]
verify	Run npx playwright install --with-deps chromium firefox webkit	2026-10-10T23:46:54.3730413Z Get:163 http://azure.archive.ubuntu.com/ubuntu noble/main amd64 libsecret-common all 0.21.4-1build3 [4962 B]
verify	Run npx playwright install --with-deps chromium firefox webkit	2026-10-10T23:46:54.3884706Z Get:164 http://azure.archive.ubuntu.com/ubuntu noble/main amd64 libsecret-1-0 amd64 0.21.4-1build3 [116 kB]
verify	Run npx playwright install --with-deps chromium firefox webkit	2026-10-10T23:46:54.4044257Z Get:165 http://azure.archive.ubuntu.com/ubuntu noble/universe amd64 libsndio7.0 amd64 1.9.0-0.3build3 [29.6 kB]
verify	Run npx playwright install --with-deps chromium firefox webkit	2026-10-10T23:46:54.4198842Z Get:166 http://azure.archive.ubuntu.com/ubuntu noble/universe amd64 libsoundtouch1 amd64 2.3.2+ds1-1build1 [60.5 kB]
verify	Run npx playwright install --with-deps chromium firefox webkit	2026-10-10T23:46:54.4352862Z Get:167 http://azure.archive.ubuntu.com/ubuntu noble/universe amd64 libspandsp2t64 amd64 0.0.6+dfsg-2.1build1 [311 kB]
verify	Run npx playwright install --with-deps chromium firefox webkit	2026-10-10T23:46:54.4555519Z Get:168 http://azure.archive.ubuntu.com/ubuntu noble/universe amd64 libsrtp2-1 amd64 2.5.0-3build1 [41.9 kB]
verify	Run npx playwright install --with-deps chromium firefox webkit	2026-10-10T23:46:54.4706882Z Get:169 http://azure.archive.ubuntu.com/ubuntu noble/main amd64 libwayland-server0 amd64 1.22.0-2.1build1 [33.9 kB]
verify	Run npx playwright install --with-deps chromium firefox webkit	2026-10-10T23:46:54.4857078Z Get:170 http://azure.archive.ubuntu.com/ubuntu noble/universe amd64 libwildmidi2 amd64 0.4.3-1build3 [68.5 kB]
verify	Run npx playwright install --with-deps chromium firefox webkit	2026-10-10T23:46:54.5013793Z Get:171 http://azure.archive.ubuntu.com/ubuntu noble/main amd64 libwoff1 amd64 1.0.2-2build1 [45.3 kB]
verify	Run npx playwright install --with-deps chromium firefox webkit	2026-10-10T23:46:54.5163807Z Get:172 http://azure.archive.ubuntu.com/ubuntu noble/main amd64 libxcb-xkb1 amd64 1.15-1ubuntu2 [32.3 kB]
verify	Run npx playwright install --with-deps chromium firefox webkit	2026-10-10T23:46:54.5312042Z Get:173 http://azure.archive.ubuntu.com/ubuntu noble/main amd64 libxkbcommon-x11-0 amd64 1.6.0-1build1 [14.5 kB]
verify	Run npx playwright install --with-deps chromium firefox webkit	2026-10-10T23:46:54.5461453Z Get:174 http://azure.archive.ubuntu.com/ubuntu noble/universe amd64 libzbar0t64 amd64 0.23.93-4build3 [123 kB]
verify	Run npx playwright install --with-deps chromium firefox webkit	2026-10-10T23:46:54.5622217Z Get:175 http://azure.archive.ubuntu.com/ubuntu noble/universe amd64 libzxing3 amd64 2.2.1-3 [583 kB]
verify	Run npx playwright install --with-deps chromium firefox webkit	2026-10-10T23:46:54.6320124Z Get:176 http://azure.archive.ubuntu.com/ubuntu noble/main amd64 xfonts-encodings all 1:1.0.5-0ubuntu2 [578 kB]
verify	Run npx playwright install --with-deps chromium firefox webkit	2026-10-10T23:46:54.6622234Z Get:177 http://azure.archive.ubuntu.com/ubuntu noble/main amd64 xfonts-utils amd64 1:7.7+6build3 [94.4 kB]
verify	Run npx playwright install --with-deps chromium firefox webkit	2026-10-10T23:46:54.6775753Z Get:178 http://azure.archive.ubuntu.com/ubuntu noble/universe amd64 xfonts-cyrillic all 1:1.0.5+nmu1 [384 kB]
verify	Run npx playwright install --with-deps chromium firefox webkit	2026-10-10T23:46:54.6958435Z Get:179 http://azure.archive.ubuntu.com/ubuntu noble/main amd64 xfonts-scalable all 1:1.0.3-1.3 [304 kB]
verify	Run npx playwright install --with-deps chromium firefox webkit	2026-10-10T23:46:54.7135307Z Get:180 http://azure.archive.ubuntu.com/ubuntu noble/universe amd64 libgstreamer-plugins-bad1.0-0 amd64 1.24.2-1ubuntu4 [797 kB]
verify	Run npx playwright install --with-deps chromium firefox webkit	2026-10-10T23:46:54.7373508Z Get:181 http://azure.archive.ubuntu.com/ubuntu noble/universe amd64 libdca0 amd64 0.0.7-2build1 [93.8 kB]
verify	Run npx playwright install --with-deps chromium firefox webkit	2026-10-10T23:46:54.7526595Z Get:182 http://azure.archive.ubuntu.com/ubuntu noble/universe amd64 libopenal1 amd64 1:1.23.1-4build1 [540 kB]
verify	Run npx playwright install --with-deps chromium firefox webkit	2026-10-10T23:46:54.7723223Z Get:183 http://azure.archive.ubuntu.com/ubuntu noble/main amd64 libsbc1 amd64 2.0-1build1 [33.9 kB]
verify	Run npx playwright install --with-deps chromium firefox webkit	2026-10-10T23:46:54.7871651Z Get:184 http://azure.archive.ubuntu.com/ubuntu noble/universe amd64 libvo-aacenc0 amd64 0.1.3-2build1 [67.8 kB]
verify	Run npx playwright install --with-deps chromium firefox webkit	2026-10-10T23:46:54.8026047Z Get:185 http://azure.archive.ubuntu.com/ubuntu noble/universe amd64 libvo-amrwbenc0 amd64 0.1.3-2build1 [76.7 kB]
verify	Run npx playwright install --with-deps chromium firefox webkit	2026-10-10T23:46:54.8181189Z Get:186 http://azure.archive.ubuntu.com/ubuntu noble/universe amd64 gstreamer1.0-plugins-bad amd64 1.24.2-1ubuntu4 [3081 kB]
verify	Run npx playwright install --with-deps chromium firefox webkit	2026-10-10T23:46:55.1872091Z Fetched 116 MB in 13s (9009 kB/s)
verify	Run npx playwright install --with-deps chromium firefox webkit	2026-10-10T23:46:55.2085108Z Selecting previously unselected package fonts-ipafont-gothic.
verify	Run npx playwright install --with-deps chromium firefox webkit	2026-10-10T23:46:55.2270396Z (Reading database ... 
verify	Run npx playwright install --with-deps chromium firefox webkit	2026-10-10T23:46:55.2270722Z (Reading database ... 5%
verify	Run npx playwright install --with-deps chromium firefox webkit	2026-10-10T23:46:55.2270939Z (Reading database ... 10%
verify	Run npx playwright install --with-deps chromium firefox webkit	2026-10-10T23:46:55.2271253Z (Reading database ... 15%
verify	Run npx playwright install --with-deps chromium firefox webkit	2026-10-10T23:46:55.2271490Z (Reading database ... 20%
verify	Run npx playwright install --with-deps chromium firefox webkit	2026-10-10T23:46:55.2271675Z (Reading database ... 25%
verify	Run npx playwright install --with-deps chromium firefox webkit	2026-10-10T23:46:55.2271935Z (Reading database ... 30%
verify	Run npx playwright install --with-deps chromium firefox webkit	2026-10-10T23:46:55.2272215Z (Reading database ... 35%
verify	Run npx playwright install --with-deps chromium firefox webkit	2026-10-10T23:46:55.2272506Z (Reading database ... 40%
verify	Run npx playwright install --with-deps chromium firefox webkit	2026-10-10T23:46:55.2272736Z (Reading database ... 45%
verify	Run npx playwright install --with-deps chromium firefox webkit	2026-10-10T23:46:55.2272920Z (Reading database ... 50%
verify	Run npx playwright install --with-deps chromium firefox webkit	2026-10-10T23:46:55.2297208Z (Reading database ... 55%
verify	Run npx playwright install --with-deps chromium firefox webkit	2026-10-10T23:46:55.3679886Z (Reading database ... 60%
verify	Run npx playwright install --with-deps chromium firefox webkit	2026-10-10T23:46:55.5640057Z (Reading database ... 65%
verify	Run npx playwright install --with-deps chromium firefox webkit	2026-10-10T23:46:55.7658096Z (Reading database ... 70%
verify	Run npx playwright install --with-deps chromium firefox webkit	2026-10-10T23:46:55.9124919Z (Reading database ... 75%
verify	Run npx playwright install --with-deps chromium firefox webkit	2026-10-10T23:46:56.0706446Z (Reading database ... 80%
verify	Run npx playwright install --with-deps chromium firefox webkit	2026-10-10T23:46:56.2107104Z (Reading database ... 85%
verify	Run npx playwright install --with-deps chromium firefox webkit	2026-10-10T23:46:56.3662499Z (Reading database ... 90%
verify	Run npx playwright install --with-deps chromium firefox webkit	2026-10-10T23:46:56.4746801Z (Reading database ... 95%
verify	Run npx playwright install --with-deps chromium firefox webkit	2026-10-10T23:46:56.4747205Z (Reading database ... 100%
verify	Run npx playwright install --with-deps chromium firefox webkit	2026-10-10T23:46:56.4747579Z (Reading database ... 203191 files and directories currently installed.)
verify	Run npx playwright install --with-deps chromium firefox webkit	2026-10-10T23:46:56.4786840Z Preparing to unpack .../000-fonts-ipafont-gothic_00303-21ubuntu1_all.deb ...
verify	Run npx playwright install --with-deps chromium firefox webkit	2026-10-10T23:46:56.4908438Z Unpacking fonts-ipafont-gothic (00303-21ubuntu1) ...
verify	Run npx playwright install --with-deps chromium firefox webkit	2026-10-10T23:46:56.7506323Z Preparing to unpack .../001-libxml2-dev_2.9.14+dfsg-1.3ubuntu3.10_amd64.deb ...
verify	Run npx playwright install --with-deps chromium firefox webkit	2026-10-10T23:46:56.7523114Z Unpacking libxml2-dev:amd64 (2.9.14+dfsg-1.3ubuntu3.10) over (2.9.14+dfsg-1.3ubuntu3.9) ...
verify	Run npx playwright install --with-deps chromium firefox webkit	2026-10-10T23:46:56.8165160Z Preparing to unpack .../002-libxml2_2.9.14+dfsg-1.3ubuntu3.10_amd64.deb ...
verify	Run npx playwright install --with-deps chromium firefox webkit	2026-10-10T23:46:56.8185947Z Unpacking libxml2:amd64 (2.9.14+dfsg-1.3ubuntu3.10) over (2.9.14+dfsg-1.3ubuntu3.9) ...
verify	Run npx playwright install --with-deps chromium firefox webkit	2026-10-10T23:46:56.8610328Z Preparing to unpack .../003-libpng16-16t64_1.6.43-5ubuntu0.7_amd64.deb ...
verify	Run npx playwright install --with-deps chromium firefox webkit	2026-10-10T23:46:56.8627597Z Unpacking libpng16-16t64:amd64 (1.6.43-5ubuntu0.7) over (1.6.43-5ubuntu0.6) ...
verify	Run npx playwright install --with-deps chromium firefox webkit	2026-10-10T23:46:56.8820617Z Selecting previously unselected package fonts-freefont-ttf.
verify	Run npx playwright install --with-deps chromium firefox webkit	2026-10-10T23:46:56.8925232Z Preparing to unpack .../004-fonts-freefont-ttf_20211204+svn4273-2_all.deb ...
verify	Run npx playwright install --with-deps chromium firefox webkit	2026-10-10T23:46:56.8931068Z Unpacking fonts-freefont-ttf (20211204+svn4273-2) ...
verify	Run npx playwright install --with-deps chromium firefox webkit	2026-10-10T23:46:56.9832669Z Selecting previously unselected package fonts-tlwg-loma-otf.
verify	Run npx playwright install --with-deps chromium firefox webkit	2026-10-10T23:46:56.9943329Z Preparing to unpack .../005-fonts-tlwg-loma-otf_1%3a0.7.3-1_all.deb ...
verify	Run npx playwright install --with-deps chromium firefox webkit	2026-10-10T23:46:56.9947978Z Unpacking fonts-tlwg-loma-otf (1:0.7.3-1) ...
verify	Run npx playwright install --with-deps chromium firefox webkit	2026-10-10T23:46:57.0176907Z Selecting previously unselected package fonts-unifont.
verify	Run npx playwright install --with-deps chromium firefox webkit	2026-10-10T23:46:57.0285741Z Preparing to unpack .../006-fonts-unifont_1%3a15.1.01-1build1_all.deb ...
verify	Run npx playwright install --with-deps chromium firefox webkit	2026-10-10T23:46:57.0318054Z Unpacking fonts-unifont (1:15.1.01-1build1) ...
verify	Run npx playwright install --with-deps chromium firefox webkit	2026-10-10T23:46:57.2215607Z Selecting previously unselected package fonts-wqy-zenhei.
verify	Run npx playwright install --with-deps chromium firefox webkit	2026-10-10T23:46:57.2325769Z Preparing to unpack .../007-fonts-wqy-zenhei_0.9.45-8_all.deb ...
verify	Run npx playwright install --with-deps chromium firefox webkit	2026-10-10T23:46:57.2407685Z Unpacking fonts-wqy-zenhei (0.9.45-8) ...
verify	Run npx playwright install --with-deps chromium firefox webkit	2026-10-10T23:46:57.6740128Z Selecting previously unselected package libproxy1v5:amd64.
verify	Run npx playwright install --with-deps chromium firefox webkit	2026-10-10T23:46:57.6851185Z Preparing to unpack .../008-libproxy1v5_0.5.4-4build1_amd64.deb ...
verify	Run npx playwright install --with-deps chromium firefox webkit	2026-10-10T23:46:57.6964855Z Unpacking libproxy1v5:amd64 (0.5.4-4build1) ...
verify	Run npx playwright install --with-deps chromium firefox webkit	2026-10-10T23:46:57.8180743Z Selecting previously unselected package glib-networking-common.
verify	Run npx playwright install --with-deps chromium firefox webkit	2026-10-10T23:46:57.8288976Z Preparing to unpack .../009-glib-networking-common_2.80.0-1build1_all.deb ...
verify	Run npx playwright install --with-deps chromium firefox webkit	2026-10-10T23:46:57.8294696Z Unpacking glib-networking-common (2.80.0-1build1) ...
verify	Run npx playwright install --with-deps chromium firefox webkit	2026-10-10T23:46:57.8439485Z Selecting previously unselected package glib-networking-services.
verify	Run npx playwright install --with-deps chromium firefox webkit	2026-10-10T23:46:57.8542979Z Preparing to unpack .../010-glib-networking-services_2.80.0-1build1_amd64.deb ...
verify	Run npx playwright install --with-deps chromium firefox webkit	2026-10-10T23:46:57.8548074Z Unpacking glib-networking-services (2.80.0-1build1) ...
verify	Run npx playwright install --with-deps chromium firefox webkit	2026-10-10T23:46:57.8707375Z Selecting previously unselected package session-migration.
verify	Run npx playwright install --with-deps chromium firefox webkit	2026-10-10T23:46:57.8811288Z Preparing to unpack .../011-session-migration_0.3.9build1_amd64.deb ...
verify	Run npx playwright install --with-deps chromium firefox webkit	2026-10-10T23:46:57.8816794Z Unpacking session-migration (0.3.9build1) ...
verify	Run npx playwright install --with-deps chromium firefox webkit	2026-10-10T23:46:58.0058242Z Selecting previously unselected package gsettings-desktop-schemas.
verify	Run npx playwright install --with-deps chromium firefox webkit	2026-10-10T23:46:58.0169552Z Preparing to unpack .../012-gsettings-desktop-schemas_46.1-0ubuntu1_all.deb ...
verify	Run npx playwright install --with-deps chromium firefox webkit	2026-10-10T23:46:58.0175545Z Unpacking gsettings-desktop-schemas (46.1-0ubuntu1) ...
verify	Run npx playwright install --with-deps chromium firefox webkit	2026-10-10T23:46:58.0800705Z Selecting previously unselected package glib-networking:amd64.
verify	Run npx playwright install --with-deps chromium firefox webkit	2026-10-10T23:46:58.0910719Z Preparing to unpack .../013-glib-networking_2.80.0-1build1_amd64.deb ...
verify	Run npx playwright install --with-deps chromium firefox webkit	2026-10-10T23:46:58.1544932Z Unpacking glib-networking:amd64 (2.80.0-1build1) ...
verify	Run npx playwright install --with-deps chromium firefox webkit	2026-10-10T23:46:58.1720805Z Selecting previously unselected package libva2:amd64.
verify	Run npx playwright install --with-deps chromium firefox webkit	2026-10-10T23:46:58.1830094Z Preparing to unpack .../014-libva2_2.20.0-2ubuntu0.2_amd64.deb ...
verify	Run npx playwright install --with-deps chromium firefox webkit	2026-10-10T23:46:58.1836193Z Unpacking libva2:amd64 (2.20.0-2ubuntu0.2) ...
verify	Run npx playwright install --with-deps chromium firefox webkit	2026-10-10T23:46:58.2005602Z Selecting previously unselected package libva-drm2:amd64.
verify	Run npx playwright install --with-deps chromium firefox webkit	2026-10-10T23:46:58.2110093Z Preparing to unpack .../015-libva-drm2_2.20.0-2ubuntu0.2_amd64.deb ...
verify	Run npx playwright install --with-deps chromium firefox webkit	2026-10-10T23:46:58.2116383Z Unpacking libva-drm2:amd64 (2.20.0-2ubuntu0.2) ...
verify	Run npx playwright install --with-deps chromium firefox webkit	2026-10-10T23:46:58.3317758Z Selecting previously unselected package libva-x11-2:amd64.
verify	Run npx playwright install --with-deps chromium firefox webkit	2026-10-10T23:46:58.3427594Z Preparing to unpack .../016-libva-x11-2_2.20.0-2ubuntu0.2_amd64.deb ...
verify	Run npx playwright install --with-deps chromium firefox webkit	2026-10-10T23:46:58.3434205Z Unpacking libva-x11-2:amd64 (2.20.0-2ubuntu0.2) ...
verify	Run npx playwright install --with-deps chromium firefox webkit	2026-10-10T23:46:58.3600060Z Selecting previously unselected package libvdpau1:amd64.
verify	Run npx playwright install --with-deps chromium firefox webkit	2026-10-10T23:46:58.3705856Z Preparing to unpack .../017-libvdpau1_1.5-2build1_amd64.deb ...
verify	Run npx playwright install --with-deps chromium firefox webkit	2026-10-10T23:46:58.3711437Z Unpacking libvdpau1:amd64 (1.5-2build1) ...
verify	Run npx playwright install --with-deps chromium firefox webkit	2026-10-10T23:46:58.3873660Z Selecting previously unselected package libvpl2.
verify	Run npx playwright install --with-deps chromium firefox webkit	2026-10-10T23:46:58.3977618Z Preparing to unpack .../018-libvpl2_2023.3.0-1build1_amd64.deb ...
verify	Run npx playwright install --with-deps chromium firefox webkit	2026-10-10T23:46:58.3983541Z Unpacking libvpl2 (2023.3.0-1build1) ...
verify	Run npx playwright install --with-deps chromium firefox webkit	2026-10-10T23:46:58.4167985Z Selecting previously unselected package ocl-icd-libopencl1:amd64.
verify	Run npx playwright install --with-deps chromium firefox webkit	2026-10-10T23:46:58.4272834Z Preparing to unpack .../019-ocl-icd-libopencl1_2.3.2-1build1_amd64.deb ...
verify	Run npx playwright install --with-deps chromium firefox webkit	2026-10-10T23:46:58.4321917Z Unpacking ocl-icd-libopencl1:amd64 (2.3.2-1build1) ...
verify	Run npx playwright install --with-deps chromium firefox webkit	2026-10-10T23:46:58.5839906Z Selecting previously unselected package libavutil58:amd64.
verify	Run npx playwright install --with-deps chromium firefox webkit	2026-10-10T23:46:58.5948810Z Preparing to unpack .../020-libavutil58_7%3a6.1.1-3ubuntu5_amd64.deb ...
verify	Run npx playwright install --with-deps chromium firefox webkit	2026-10-10T23:46:58.5955203Z Unpacking libavutil58:amd64 (7:6.1.1-3ubuntu5) ...
verify	Run npx playwright install --with-deps chromium firefox webkit	2026-10-10T23:46:58.6200981Z Selecting previously unselected package libcodec2-1.2:amd64.
verify	Run npx playwright install --with-deps chromium firefox webkit	2026-10-10T23:46:58.6311135Z Preparing to unpack .../021-libcodec2-1.2_1.2.0-2build1_amd64.deb ...
verify	Run npx playwright install --with-deps chromium firefox webkit	2026-10-10T23:46:58.6317096Z Unpacking libcodec2-1.2:amd64 (1.2.0-2build1) ...
verify	Run npx playwright install --with-deps chromium firefox webkit	2026-10-10T23:46:58.7636886Z Selecting previously unselected package libdav1d7:amd64.
verify	Run npx playwright install --with-deps chromium firefox webkit	2026-10-10T23:46:58.7746929Z Preparing to unpack .../022-libdav1d7_1.4.1-1build1_amd64.deb ...
verify	Run npx playwright install --with-deps chromium firefox webkit	2026-10-10T23:46:58.7753292Z Unpacking libdav1d7:amd64 (1.4.1-1build1) ...
verify	Run npx playwright install --with-deps chromium firefox webkit	2026-10-10T23:46:58.8112339Z Selecting previously unselected package libgsm1:amd64.
verify	Run npx playwright install --with-deps chromium firefox webkit	2026-10-10T23:46:58.8223049Z Preparing to unpack .../023-libgsm1_1.0.22-1build1_amd64.deb ...
verify	Run npx playwright install --with-deps chromium firefox webkit	2026-10-10T23:46:58.8412996Z Unpacking libgsm1:amd64 (1.0.22-1build1) ...
verify	Run npx playwright install --with-deps chromium firefox webkit	2026-10-10T23:46:59.0178007Z Selecting previously unselected package libhwy1t64:amd64.
verify	Run npx playwright install --with-deps chromium firefox webkit	2026-10-10T23:46:59.0291191Z Preparing to unpack .../024-libhwy1t64_1.0.7-8.1build1_amd64.deb ...
verify	Run npx playwright install --with-deps chromium firefox webkit	2026-10-10T23:46:59.0297081Z Unpacking libhwy1t64:amd64 (1.0.7-8.1build1) ...
verify	Run npx playwright install --with-deps chromium firefox webkit	2026-10-10T23:46:59.0706831Z Selecting previously unselected package libjxl0.7:amd64.
verify	Run npx playwright install --with-deps chromium firefox webkit	2026-10-10T23:46:59.0817402Z Preparing to unpack .../025-libjxl0.7_0.7.0-10.2ubuntu6.1_amd64.deb ...
verify	Run npx playwright install --with-deps chromium firefox webkit	2026-10-10T23:46:59.0824611Z Unpacking libjxl0.7:amd64 (0.7.0-10.2ubuntu6.1) ...
verify	Run npx playwright install --with-deps chromium firefox webkit	2026-10-10T23:46:59.2606057Z Selecting previously unselected package libmp3lame0:amd64.
verify	Run npx playwright install --with-deps chromium firefox webkit	2026-10-10T23:46:59.2718765Z Preparing to unpack .../026-libmp3lame0_3.100-6build1_amd64.deb ...
verify	Run npx playwright install --with-deps chromium firefox webkit	2026-10-10T23:46:59.2724523Z Unpacking libmp3lame0:amd64 (3.100-6build1) ...
verify	Run npx playwright install --with-deps chromium firefox webkit	2026-10-10T23:46:59.2903223Z Selecting previously unselected package libopus0:amd64.
verify	Run npx playwright install --with-deps chromium firefox webkit	2026-10-10T23:46:59.3012061Z Preparing to unpack .../027-libopus0_1.4-1build1_amd64.deb ...
verify	Run npx playwright install --with-deps chromium firefox webkit	2026-10-10T23:46:59.3018059Z Unpacking libopus0:amd64 (1.4-1build1) ...
verify	Run npx playwright install --with-deps chromium firefox webkit	2026-10-10T23:46:59.3195526Z Selecting previously unselected package librav1e0:amd64.
verify	Run npx playwright install --with-deps chromium firefox webkit	2026-10-10T23:46:59.3304359Z Preparing to unpack .../028-librav1e0_0.7.1-2_amd64.deb ...
verify	Run npx playwright install --with-deps chromium firefox webkit	2026-10-10T23:46:59.3309839Z Unpacking librav1e0:amd64 (0.7.1-2) ...
verify	Run npx playwright install --with-deps chromium firefox webkit	2026-10-10T23:46:59.3680845Z Selecting previously unselected package librsvg2-2:amd64.
verify	Run npx playwright install --with-deps chromium firefox webkit	2026-10-10T23:46:59.3792126Z Preparing to unpack .../029-librsvg2-2_2.58.0+dfsg-1ubuntu0.1_amd64.deb ...
verify	Run npx playwright install --with-deps chromium firefox webkit	2026-10-10T23:46:59.3797374Z Unpacking librsvg2-2:amd64 (2.58.0+dfsg-1ubuntu0.1) ...
verify	Run npx playwright install --with-deps chromium firefox webkit	2026-10-10T23:46:59.4460161Z Selecting previously unselected package libshine3:amd64.
verify	Run npx playwright install --with-deps chromium firefox webkit	2026-10-10T23:46:59.4571872Z Preparing to unpack .../030-libshine3_3.1.1-2build1_amd64.deb ...
verify	Run npx playwright install --with-deps chromium firefox webkit	2026-10-10T23:46:59.4578248Z Unpacking libshine3:amd64 (3.1.1-2build1) ...
verify	Run npx playwright install --with-deps chromium firefox webkit	2026-10-10T23:46:59.4737471Z Selecting previously unselected package libspeex1:amd64.
verify	Run npx playwright install --with-deps chromium firefox webkit	2026-10-10T23:46:59.4846557Z Preparing to unpack .../031-libspeex1_1.2.1-2ubuntu2.24.04.1_amd64.deb ...
verify	Run npx playwright install --with-deps chromium firefox webkit	2026-10-10T23:46:59.5604402Z Unpacking libspeex1:amd64 (1.2.1-2ubuntu2.24.04.1) ...
verify	Run npx playwright install --with-deps chromium firefox webkit	2026-10-10T23:46:59.5769945Z Selecting previously unselected package libsvtav1enc1d1:amd64.
verify	Run npx playwright install --with-deps chromium firefox webkit	2026-10-10T23:46:59.5880485Z Preparing to unpack .../032-libsvtav1enc1d1_1.7.0+dfsg-2build1_amd64.deb ...
verify	Run npx playwright install --with-deps chromium firefox webkit	2026-10-10T23:46:59.5886370Z Unpacking libsvtav1enc1d1:amd64 (1.7.0+dfsg-2build1) ...
verify	Run npx playwright install --with-deps chromium firefox webkit	2026-10-10T23:46:59.6540069Z Selecting previously unselected package libsoxr0:amd64.
verify	Run npx playwright install --with-deps chromium firefox webkit	2026-10-10T23:46:59.6650639Z Preparing to unpack .../033-libsoxr0_0.1.3-4build3_amd64.deb ...
verify	Run npx playwright install --with-deps chromium firefox webkit	2026-10-10T23:46:59.6656875Z Unpacking libsoxr0:amd64 (0.1.3-4build3) ...
verify	Run npx playwright install --with-deps chromium firefox webkit	2026-10-10T23:46:59.6825314Z Selecting previously unselected package libswresample4:amd64.
verify	Run npx playwright install --with-deps chromium firefox webkit	2026-10-10T23:46:59.6931988Z Preparing to unpack .../034-libswresample4_7%3a6.1.1-3ubuntu5_amd64.deb ...
verify	Run npx playwright install --with-deps chromium firefox webkit	2026-10-10T23:46:59.6937247Z Unpacking libswresample4:amd64 (7:6.1.1-3ubuntu5) ...
verify	Run npx playwright install --with-deps chromium firefox webkit	2026-10-10T23:46:59.7114680Z Selecting previously unselected package libtheora0:amd64.
verify	Run npx playwright install --with-deps chromium firefox webkit	2026-10-10T23:46:59.7220436Z Preparing to unpack .../035-libtheora0_1.1.1+dfsg.1-16.1build3_amd64.deb ...
verify	Run npx playwright install --with-deps chromium firefox webkit	2026-10-10T23:46:59.7226149Z Unpacking libtheora0:amd64 (1.1.1+dfsg.1-16.1build3) ...
verify	Run npx playwright install --with-deps chromium firefox webkit	2026-10-10T23:46:59.7410595Z Selecting previously unselected package libtwolame0:amd64.
verify	Run npx playwright install --with-deps chromium firefox webkit	2026-10-10T23:46:59.7517897Z Preparing to unpack .../036-libtwolame0_0.4.0-2build3_amd64.deb ...
verify	Run npx playwright install --with-deps chromium firefox webkit	2026-10-10T23:46:59.7523614Z Unpacking libtwolame0:amd64 (0.4.0-2build3) ...
verify	Run npx playwright install --with-deps chromium firefox webkit	2026-10-10T23:46:59.7685798Z Selecting previously unselected package libvorbisenc2:amd64.
verify	Run npx playwright install --with-deps chromium firefox webkit	2026-10-10T23:46:59.7791317Z Preparing to unpack .../037-libvorbisenc2_1.3.7-1build3_amd64.deb ...
verify	Run npx playwright install --with-deps chromium firefox webkit	2026-10-10T23:46:59.7845622Z Unpacking libvorbisenc2:amd64 (1.3.7-1build3) ...
verify	Run npx playwright install --with-deps chromium firefox webkit	2026-10-10T23:46:59.8271028Z Selecting previously unselected package libvpx9:amd64.
verify	Run npx playwright install --with-deps chromium firefox webkit	2026-10-10T23:46:59.8377147Z Preparing to unpack .../038-libvpx9_1.14.0-1ubuntu2.3_amd64.deb ...
verify	Run npx playwright install --with-deps chromium firefox webkit	2026-10-10T23:46:59.8382937Z Unpacking libvpx9:amd64 (1.14.0-1ubuntu2.3) ...
verify	Run npx playwright install --with-deps chromium firefox webkit	2026-10-10T23:46:59.8805048Z Selecting previously unselected package libx264-164:amd64.
verify	Run npx playwright install --with-deps chromium firefox webkit	2026-10-10T23:46:59.8911298Z Preparing to unpack .../039-libx264-164_2%3a0.164.3108+git31e19f9-1_amd64.deb ...
verify	Run npx playwright install --with-deps chromium firefox webkit	2026-10-10T23:46:59.8916878Z Unpacking libx264-164:amd64 (2:0.164.3108+git31e19f9-1) ...
verify	Run npx playwright install --with-deps chromium firefox webkit	2026-10-10T23:46:59.9198263Z Selecting previously unselected package libx265-199:amd64.
verify	Run npx playwright install --with-deps chromium firefox webkit	2026-10-10T23:46:59.9305012Z Preparing to unpack .../040-libx265-199_3.5-2build1_amd64.deb ...
verify	Run npx playwright install --with-deps chromium firefox webkit	2026-10-10T23:46:59.9310742Z Unpacking libx265-199:amd64 (3.5-2build1) ...
verify	Run npx playwright install --with-deps chromium firefox webkit	2026-10-10T23:47:00.0808192Z Selecting previously unselected package libxvidcore4:amd64.
verify	Run npx playwright install --with-deps chromium firefox webkit	2026-10-10T23:47:00.0924183Z Preparing to unpack .../041-libxvidcore4_2%3a1.3.7-1build1_amd64.deb ...
verify	Run npx playwright install --with-deps chromium firefox webkit	2026-10-10T23:47:00.0930210Z Unpacking libxvidcore4:amd64 (2:1.3.7-1build1) ...
verify	Run npx playwright install --with-deps chromium firefox webkit	2026-10-10T23:47:00.1114072Z Selecting previously unselected package libzvbi-common.
verify	Run npx playwright install --with-deps chromium firefox webkit	2026-10-10T23:47:00.1225868Z Preparing to unpack .../042-libzvbi-common_0.2.42-2_all.deb ...
verify	Run npx playwright install --with-deps chromium firefox webkit	2026-10-10T23:47:00.1231161Z Unpacking libzvbi-common (0.2.42-2) ...
verify	Run npx playwright install --with-deps chromium firefox webkit	2026-10-10T23:47:00.1753817Z Selecting previously unselected package libzvbi0t64:amd64.
verify	Run npx playwright install --with-deps chromium firefox webkit	2026-10-10T23:47:00.1865060Z Preparing to unpack .../043-libzvbi0t64_0.2.42-2_amd64.deb ...
verify	Run npx playwright install --with-deps chromium firefox webkit	2026-10-10T23:47:00.1871840Z Unpacking libzvbi0t64:amd64 (0.2.42-2) ...
verify	Run npx playwright install --with-deps chromium firefox webkit	2026-10-10T23:47:00.2067094Z Selecting previously unselected package libavcodec60:amd64.
verify	Run npx playwright install --with-deps chromium firefox webkit	2026-10-10T23:47:00.2179286Z Preparing to unpack .../044-libavcodec60_7%3a6.1.1-3ubuntu5_amd64.deb ...
verify	Run npx playwright install --with-deps chromium firefox webkit	2026-10-10T23:47:00.2184943Z Unpacking libavcodec60:amd64 (7:6.1.1-3ubuntu5) ...
verify	Run npx playwright install --with-deps chromium firefox webkit	2026-10-10T23:47:00.3697888Z Preparing to unpack .../045-libfreetype6_2.13.2+dfsg-1ubuntu0.2_amd64.deb ...
verify	Run npx playwright install --with-deps chromium firefox webkit	2026-10-10T23:47:00.3714558Z Unpacking libfreetype6:amd64 (2.13.2+dfsg-1ubuntu0.2) over (2.13.2+dfsg-1ubuntu0.1) ...
verify	Run npx playwright install --with-deps chromium firefox webkit	2026-10-10T23:47:00.3955899Z Selecting previously unselected package libunibreak5:amd64.
verify	Run npx playwright install --with-deps chromium firefox webkit	2026-10-10T23:47:00.4069314Z Preparing to unpack .../046-libunibreak5_5.1-2build1_amd64.deb ...
verify	Run npx playwright install --with-deps chromium firefox webkit	2026-10-10T23:47:00.4076000Z Unpacking libunibreak5:amd64 (5.1-2build1) ...
verify	Run npx playwright install --with-deps chromium firefox webkit	2026-10-10T23:47:00.4245135Z Selecting previously unselected package libass9:amd64.
verify	Run npx playwright install --with-deps chromium firefox webkit	2026-10-10T23:47:00.4352022Z Preparing to unpack .../047-libass9_1%3a0.17.1-2build1_amd64.deb ...
verify	Run npx playwright install --with-deps chromium firefox webkit	2026-10-10T23:47:00.4358041Z Unpacking libass9:amd64 (1:0.17.1-2build1) ...
verify	Run npx playwright install --with-deps chromium firefox webkit	2026-10-10T23:47:00.4523085Z Selecting previously unselected package libudfread0:amd64.
verify	Run npx playwright install --with-deps chromium firefox webkit	2026-10-10T23:47:00.4630040Z Preparing to unpack .../048-libudfread0_1.1.2-1build1_amd64.deb ...
verify	Run npx playwright install --with-deps chromium firefox webkit	2026-10-10T23:47:00.4636033Z Unpacking libudfread0:amd64 (1.1.2-1build1) ...
verify	Run npx playwright install --with-deps chromium firefox webkit	2026-10-10T23:47:00.4804116Z Selecting previously unselected package libbluray2:amd64.
verify	Run npx playwright install --with-deps chromium firefox webkit	2026-10-10T23:47:00.4912239Z Preparing to unpack .../049-libbluray2_1%3a1.3.4-1build1_amd64.deb ...
verify	Run npx playwright install --with-deps chromium firefox webkit	2026-10-10T23:47:00.4918180Z Unpacking libbluray2:amd64 (1:1.3.4-1build1) ...
verify	Run npx playwright install --with-deps chromium firefox webkit	2026-10-10T23:47:00.5093264Z Selecting previously unselected package libchromaprint1:amd64.
verify	Run npx playwright install --with-deps chromium firefox webkit	2026-10-10T23:47:00.5200933Z Preparing to unpack .../050-libchromaprint1_1.5.1-5_amd64.deb ...
verify	Run npx playwright install --with-deps chromium firefox webkit	2026-10-10T23:47:00.5205718Z Unpacking libchromaprint1:amd64 (1.5.1-5) ...
verify	Run npx playwright install --with-deps chromium firefox webkit	2026-10-10T23:47:00.5365241Z Selecting previously unselected package libgme0:amd64.
verify	Run npx playwright install --with-deps chromium firefox webkit	2026-10-10T23:47:00.5473980Z Preparing to unpack .../051-libgme0_0.6.3-7build1_amd64.deb ...
verify	Run npx playwright install --with-deps chromium firefox webkit	2026-10-10T23:47:00.5480077Z Unpacking libgme0:amd64 (0.6.3-7build1) ...
verify	Run npx playwright install --with-deps chromium firefox webkit	2026-10-10T23:47:00.5654704Z Selecting previously unselected package libmpg123-0t64:amd64.
verify	Run npx playwright install --with-deps chromium firefox webkit	2026-10-10T23:47:00.5763543Z Preparing to unpack .../052-libmpg123-0t64_1.32.5-1ubuntu1.1_amd64.deb ...
verify	Run npx playwright install --with-deps chromium firefox webkit	2026-10-10T23:47:00.5769873Z Unpacking libmpg123-0t64:amd64 (1.32.5-1ubuntu1.1) ...
verify	Run npx playwright install --with-deps chromium firefox webkit	2026-10-10T23:47:00.5954314Z Selecting previously unselected package libopenmpt0t64:amd64.
verify	Run npx playwright install --with-deps chromium firefox webkit	2026-10-10T23:47:00.6063274Z Preparing to unpack .../053-libopenmpt0t64_0.7.3-1.1build3_amd64.deb ...
verify	Run npx playwright install --with-deps chromium firefox webkit	2026-10-10T23:47:00.6069482Z Unpacking libopenmpt0t64:amd64 (0.7.3-1.1build3) ...
verify	Run npx playwright install --with-deps chromium firefox webkit	2026-10-10T23:47:00.6323152Z Selecting previously unselected package libcjson1:amd64.
verify	Run npx playwright install --with-deps chromium firefox webkit	2026-10-10T23:47:00.6432015Z Preparing to unpack .../054-libcjson1_1.7.17-1_amd64.deb ...
verify	Run npx playwright install --with-deps chromium firefox webkit	2026-10-10T23:47:00.6437991Z Unpacking libcjson1:amd64 (1.7.17-1) ...
verify	Run npx playwright install --with-deps chromium firefox webkit	2026-10-10T23:47:00.6599637Z Selecting previously unselected package libmbedcrypto7t64:amd64.
verify	Run npx playwright install --with-deps chromium firefox webkit	2026-10-10T23:47:00.6705779Z Preparing to unpack .../055-libmbedcrypto7t64_2.28.8-1_amd64.deb ...
verify	Run npx playwright install --with-deps chromium firefox webkit	2026-10-10T23:47:00.6792675Z Unpacking libmbedcrypto7t64:amd64 (2.28.8-1) ...
verify	Run npx playwright install --with-deps chromium firefox webkit	2026-10-10T23:47:00.6973108Z Selecting previously unselected package librist4:amd64.
verify	Run npx playwright install --with-deps chromium firefox webkit	2026-10-10T23:47:00.7080164Z Preparing to unpack .../056-librist4_0.2.10+dfsg-2_amd64.deb ...
verify	Run npx playwright install --with-deps chromium firefox webkit	2026-10-10T23:47:00.7085855Z Unpacking librist4:amd64 (0.2.10+dfsg-2) ...
verify	Run npx playwright install --with-deps chromium firefox webkit	2026-10-10T23:47:00.7249967Z Selecting previously unselected package libsrt1.5-gnutls:amd64.
verify	Run npx playwright install --with-deps chromium firefox webkit	2026-10-10T23:47:00.7355611Z Preparing to unpack .../057-libsrt1.5-gnutls_1.5.3-1build2_amd64.deb ...
verify	Run npx playwright install --with-deps chromium firefox webkit	2026-10-10T23:47:00.7361411Z Unpacking libsrt1.5-gnutls:amd64 (1.5.3-1build2) ...
verify	Run npx playwright install --with-deps chromium firefox webkit	2026-10-10T23:47:00.7583250Z Selecting previously unselected package libssh-gcrypt-4:amd64.
verify	Run npx playwright install --with-deps chromium firefox webkit	2026-10-10T23:47:00.7691770Z Preparing to unpack .../058-libssh-gcrypt-4_0.10.6-2ubuntu0.5_amd64.deb ...
verify	Run npx playwright install --with-deps chromium firefox webkit	2026-10-10T23:47:00.7697619Z Unpacking libssh-gcrypt-4:amd64 (0.10.6-2ubuntu0.5) ...
verify	Run npx playwright install --with-deps chromium firefox webkit	2026-10-10T23:47:00.7902241Z Selecting previously unselected package libavformat60:amd64.
verify	Run npx playwright install --with-deps chromium firefox webkit	2026-10-10T23:47:00.8014169Z Preparing to unpack .../059-libavformat60_7%3a6.1.1-3ubuntu5_amd64.deb ...
verify	Run npx playwright install --with-deps chromium firefox webkit	2026-10-10T23:47:00.8021282Z Unpacking libavformat60:amd64 (7:6.1.1-3ubuntu5) ...
verify	Run npx playwright install --with-deps chromium firefox webkit	2026-10-10T23:47:00.8406057Z Selecting previously unselected package libbs2b0:amd64.
verify	Run npx playwright install --with-deps chromium firefox webkit	2026-10-10T23:47:00.8517668Z Preparing to unpack .../060-libbs2b0_3.1.0+dfsg-7build1_amd64.deb ...
verify	Run npx playwright install --with-deps chromium firefox webkit	2026-10-10T23:47:00.8524459Z Unpacking libbs2b0:amd64 (3.1.0+dfsg-7build1) ...
verify	Run npx playwright install --with-deps chromium firefox webkit	2026-10-10T23:47:00.8763561Z Selecting previously unselected package libflite1:amd64.
verify	Run npx playwright install --with-deps chromium firefox webkit	2026-10-10T23:47:00.8877487Z Preparing to unpack .../061-libflite1_2.2-6build3_amd64.deb ...
verify	Run npx playwright install --with-deps chromium firefox webkit	2026-10-10T23:47:00.8883938Z Unpacking libflite1:amd64 (2.2-6build3) ...
verify	Run npx playwright install --with-deps chromium firefox webkit	2026-10-10T23:47:01.0525998Z Selecting previously unselected package libserd-0-0:amd64.
verify	Run npx playwright install --with-deps chromium firefox webkit	2026-10-10T23:47:01.0638397Z Preparing to unpack .../062-libserd-0-0_0.32.2-1_amd64.deb ...
verify	Run npx playwright install --with-deps chromium firefox webkit	2026-10-10T23:47:01.0653381Z Unpacking libserd-0-0:amd64 (0.32.2-1) ...
verify	Run npx playwright install --with-deps chromium firefox webkit	2026-10-10T23:47:01.0825407Z Selecting previously unselected package libzix-0-0:amd64.
verify	Run npx playwright install --with-deps chromium firefox webkit	2026-10-10T23:47:01.0935674Z Preparing to unpack .../063-libzix-0-0_0.4.2-2build1_amd64.deb ...
verify	Run npx playwright install --with-deps chromium firefox webkit	2026-10-10T23:47:01.0941493Z Unpacking libzix-0-0:amd64 (0.4.2-2build1) ...
verify	Run npx playwright install --with-deps chromium firefox webkit	2026-10-10T23:47:01.1103855Z Selecting previously unselected package libsord-0-0:amd64.
verify	Run npx playwright install --with-deps chromium firefox webkit	2026-10-10T23:47:01.1211417Z Preparing to unpack .../064-libsord-0-0_0.16.16-2build1_amd64.deb ...
verify	Run npx playwright install --with-deps chromium firefox webkit	2026-10-10T23:47:01.1216955Z Unpacking libsord-0-0:amd64 (0.16.16-2build1) ...
verify	Run npx playwright install --with-deps chromium firefox webkit	2026-10-10T23:47:01.1378151Z Selecting previously unselected package libsratom-0-0:amd64.
verify	Run npx playwright install --with-deps chromium firefox webkit	2026-10-10T23:47:01.1484040Z Preparing to unpack .../065-libsratom-0-0_0.6.16-1build1_amd64.deb ...
verify	Run npx playwright install --with-deps chromium firefox webkit	2026-10-10T23:47:01.1490346Z Unpacking libsratom-0-0:amd64 (0.6.16-1build1) ...
verify	Run npx playwright install --with-deps chromium firefox webkit	2026-10-10T23:47:01.1648336Z Selecting previously unselected package liblilv-0-0:amd64.
verify	Run npx playwright install --with-deps chromium firefox webkit	2026-10-10T23:47:01.1755254Z Preparing to unpack .../066-liblilv-0-0_0.24.22-1build1_amd64.deb ...
verify	Run npx playwright install --with-deps chromium firefox webkit	2026-10-10T23:47:01.1761583Z Unpacking liblilv-0-0:amd64 (0.24.22-1build1) ...
verify	Run npx playwright install --with-deps chromium firefox webkit	2026-10-10T23:47:01.1930468Z Selecting previously unselected package libmysofa1:amd64.
verify	Run npx playwright install --with-deps chromium firefox webkit	2026-10-10T23:47:01.2040934Z Preparing to unpack .../067-libmysofa1_1.3.2+dfsg-2ubuntu2_amd64.deb ...
verify	Run npx playwright install --with-deps chromium firefox webkit	2026-10-10T23:47:01.2046400Z Unpacking libmysofa1:amd64 (1.3.2+dfsg-2ubuntu2) ...
verify	Run npx playwright install --with-deps chromium firefox webkit	2026-10-10T23:47:01.2284173Z Selecting previously unselected package libplacebo338:amd64.
verify	Run npx playwright install --with-deps chromium firefox webkit	2026-10-10T23:47:01.2394676Z Preparing to unpack .../068-libplacebo338_6.338.2-2build1_amd64.deb ...
verify	Run npx playwright install --with-deps chromium firefox webkit	2026-10-10T23:47:01.2402266Z Unpacking libplacebo338:amd64 (6.338.2-2build1) ...
verify	Run npx playwright install --with-deps chromium firefox webkit	2026-10-10T23:47:01.3200478Z Selecting previously unselected package libblas3:amd64.
verify	Run npx playwright install --with-deps chromium firefox webkit	2026-10-10T23:47:01.3310770Z Preparing to unpack .../069-libblas3_3.12.0-3build1.1_amd64.deb ...
verify	Run npx playwright install --with-deps chromium firefox webkit	2026-10-10T23:47:01.3334178Z Unpacking libblas3:amd64 (3.12.0-3build1.1) ...
verify	Run npx playwright install --with-deps chromium firefox webkit	2026-10-10T23:47:01.3541076Z Selecting previously unselected package liblapack3:amd64.
verify	Run npx playwright install --with-deps chromium firefox webkit	2026-10-10T23:47:01.3649767Z Preparing to unpack .../070-liblapack3_3.12.0-3build1.1_amd64.deb ...
verify	Run npx playwright install --with-deps chromium firefox webkit	2026-10-10T23:47:01.3675122Z Unpacking liblapack3:amd64 (3.12.0-3build1.1) ...
verify	Run npx playwright install --with-deps chromium firefox webkit	2026-10-10T23:47:01.4405312Z Selecting previously unselected package libasyncns0:amd64.
verify	Run npx playwright install --with-deps chromium firefox webkit	2026-10-10T23:47:01.4514295Z Preparing to unpack .../071-libasyncns0_0.8-6build4_amd64.deb ...
verify	Run npx playwright install --with-deps chromium firefox webkit	2026-10-10T23:47:01.4520380Z Unpacking libasyncns0:amd64 (0.8-6build4) ...
verify	Run npx playwright install --with-deps chromium firefox webkit	2026-10-10T23:47:01.4692577Z Selecting previously unselected package libflac12t64:amd64.
verify	Run npx playwright install --with-deps chromium firefox webkit	2026-10-10T23:47:01.4798306Z Preparing to unpack .../072-libflac12t64_1.4.3+ds-2.1ubuntu2_amd64.deb ...
verify	Run npx playwright install --with-deps chromium firefox webkit	2026-10-10T23:47:01.4808019Z Unpacking libflac12t64:amd64 (1.4.3+ds-2.1ubuntu2) ...
verify	Run npx playwright install --with-deps chromium firefox webkit	2026-10-10T23:47:01.4996459Z Selecting previously unselected package libsndfile1:amd64.
verify	Run npx playwright install --with-deps chromium firefox webkit	2026-10-10T23:47:01.5099786Z Preparing to unpack .../073-libsndfile1_1.2.2-1ubuntu5.24.04.1_amd64.deb ...
verify	Run npx playwright install --with-deps chromium firefox webkit	2026-10-10T23:47:01.5106097Z Unpacking libsndfile1:amd64 (1.2.2-1ubuntu5.24.04.1) ...
verify	Run npx playwright install --with-deps chromium firefox webkit	2026-10-10T23:47:01.5310919Z Selecting previously unselected package libpulse0:amd64.
verify	Run npx playwright install --with-deps chromium firefox webkit	2026-10-10T23:47:01.5415865Z Preparing to unpack .../074-libpulse0_1%3a16.1+dfsg1-2ubuntu10.1_amd64.deb ...
verify	Run npx playwright install --with-deps chromium firefox webkit	2026-10-10T23:47:01.5468027Z Unpacking libpulse0:amd64 (1:16.1+dfsg1-2ubuntu10.1) ...
verify	Run npx playwright install --with-deps chromium firefox webkit	2026-10-10T23:47:01.5679762Z Selecting previously unselected package libsphinxbase3t64:amd64.
verify	Run npx playwright install --with-deps chromium firefox webkit	2026-10-10T23:47:01.5785545Z Preparing to unpack .../075-libsphinxbase3t64_0.8+5prealpha+1-17build2_amd64.deb ...
verify	Run npx playwright install --with-deps chromium firefox webkit	2026-10-10T23:47:01.5791682Z Unpacking libsphinxbase3t64:amd64 (0.8+5prealpha+1-17build2) ...
verify	Run npx playwright install --with-deps chromium firefox webkit	2026-10-10T23:47:01.5968294Z Selecting previously unselected package libpocketsphinx3:amd64.
verify	Run npx playwright install --with-deps chromium firefox webkit	2026-10-10T23:47:01.6073384Z Preparing to unpack .../076-libpocketsphinx3_0.8.0+real5prealpha+1-15ubuntu5_amd64.deb ...
verify	Run npx playwright install --with-deps chromium firefox webkit	2026-10-10T23:47:01.6079690Z Unpacking libpocketsphinx3:amd64 (0.8.0+real5prealpha+1-15ubuntu5) ...
verify	Run npx playwright install --with-deps chromium firefox webkit	2026-10-10T23:47:01.6253980Z Selecting previously unselected package libpostproc57:amd64.
verify	Run npx playwright install --with-deps chromium firefox webkit	2026-10-10T23:47:01.6358397Z Preparing to unpack .../077-libpostproc57_7%3a6.1.1-3ubuntu5_amd64.deb ...
verify	Run npx playwright install --with-deps chromium firefox webkit	2026-10-10T23:47:01.6364150Z Unpacking libpostproc57:amd64 (7:6.1.1-3ubuntu5) ...
verify	Run npx playwright install --with-deps chromium firefox webkit	2026-10-10T23:47:01.6920953Z Selecting previously unselected package libsamplerate0:amd64.
verify	Run npx playwright install --with-deps chromium firefox webkit	2026-10-10T23:47:01.7028396Z Preparing to unpack .../078-libsamplerate0_0.2.2-4build1_amd64.deb ...
verify	Run npx playwright install --with-deps chromium firefox webkit	2026-10-10T23:47:01.7193222Z Unpacking libsamplerate0:amd64 (0.2.2-4build1) ...
verify	Run npx playwright install --with-deps chromium firefox webkit	2026-10-10T23:47:01.7564870Z Selecting previously unselected package librubberband2:amd64.
verify	Run npx playwright install --with-deps chromium firefox webkit	2026-10-10T23:47:01.7673674Z Preparing to unpack .../079-librubberband2_3.3.0+dfsg-2build1_amd64.deb ...
verify	Run npx playwright install --with-deps chromium firefox webkit	2026-10-10T23:47:01.7830525Z Unpacking librubberband2:amd64 (3.3.0+dfsg-2build1) ...
verify	Run npx playwright install --with-deps chromium firefox webkit	2026-10-10T23:47:01.8014904Z Selecting previously unselected package libswscale7:amd64.
verify	Run npx playwright install --with-deps chromium firefox webkit	2026-10-10T23:47:01.8124772Z Preparing to unpack .../080-libswscale7_7%3a6.1.1-3ubuntu5_amd64.deb ...
verify	Run npx playwright install --with-deps chromium firefox webkit	2026-10-10T23:47:01.8130838Z Unpacking libswscale7:amd64 (7:6.1.1-3ubuntu5) ...
verify	Run npx playwright install --with-deps chromium firefox webkit	2026-10-10T23:47:01.8332044Z Selecting previously unselected package libvidstab1.1:amd64.
verify	Run npx playwright install --with-deps chromium firefox webkit	2026-10-10T23:47:01.8439153Z Preparing to unpack .../081-libvidstab1.1_1.1.0-2build1_amd64.deb ...
verify	Run npx playwright install --with-deps chromium firefox webkit	2026-10-10T23:47:01.8444940Z Unpacking libvidstab1.1:amd64 (1.1.0-2build1) ...
verify	Run npx playwright install --with-deps chromium firefox webkit	2026-10-10T23:47:01.8604231Z Selecting previously unselected package libzimg2:amd64.
verify	Run npx playwright install --with-deps chromium firefox webkit	2026-10-10T23:47:01.8709987Z Preparing to unpack .../082-libzimg2_3.0.5+ds1-1build1_amd64.deb ...
verify	Run npx playwright install --with-deps chromium firefox webkit	2026-10-10T23:47:01.8715440Z Unpacking libzimg2:amd64 (3.0.5+ds1-1build1) ...
verify	Run npx playwright install --with-deps chromium firefox webkit	2026-10-10T23:47:01.8920543Z Selecting previously unselected package libavfilter9:amd64.
verify	Run npx playwright install --with-deps chromium firefox webkit	2026-10-10T23:47:01.9025456Z Preparing to unpack .../083-libavfilter9_7%3a6.1.1-3ubuntu5_amd64.deb ...
verify	Run npx playwright install --with-deps chromium firefox webkit	2026-10-10T23:47:01.9031412Z Unpacking libavfilter9:amd64 (7:6.1.1-3ubuntu5) ...
verify	Run npx playwright install --with-deps chromium firefox webkit	2026-10-10T23:47:02.0147794Z Selecting previously unselected package liborc-0.4-0t64:amd64.
verify	Run npx playwright install --with-deps chromium firefox webkit	2026-10-10T23:47:02.0258321Z Preparing to unpack .../084-liborc-0.4-0t64_1%3a0.4.38-1ubuntu0.1_amd64.deb ...
verify	Run npx playwright install --with-deps chromium firefox webkit	2026-10-10T23:47:02.0263657Z Unpacking liborc-0.4-0t64:amd64 (1:0.4.38-1ubuntu0.1) ...
verify	Run npx playwright install --with-deps chromium firefox webkit	2026-10-10T23:47:02.0484143Z Selecting previously unselected package libgstreamer-plugins-base1.0-0:amd64.
verify	Run npx playwright install --with-deps chromium firefox webkit	2026-10-10T23:47:02.0593525Z Preparing to unpack .../085-libgstreamer-plugins-base1.0-0_1.24.2-1ubuntu0.5_amd64.deb ...
verify	Run npx playwright install --with-deps chromium firefox webkit	2026-10-10T23:47:02.0599574Z Unpacking libgstreamer-plugins-base1.0-0:amd64 (1.24.2-1ubuntu0.5) ...
verify	Run npx playwright install --with-deps chromium firefox webkit	2026-10-10T23:47:02.0922981Z Selecting previously unselected package gstreamer1.0-libav:amd64.
verify	Run npx playwright install --with-deps chromium firefox webkit	2026-10-10T23:47:02.1031697Z Preparing to unpack .../086-gstreamer1.0-libav_1.24.1-1build1_amd64.deb ...
verify	Run npx playwright install --with-deps chromium firefox webkit	2026-10-10T23:47:02.1037909Z Unpacking gstreamer1.0-libav:amd64 (1.24.1-1build1) ...
verify	Run npx playwright install --with-deps chromium firefox webkit	2026-10-10T23:47:02.1209904Z Selecting previously unselected package libcdparanoia0:amd64.
verify	Run npx playwright install --with-deps chromium firefox webkit	2026-10-10T23:47:02.1313769Z Preparing to unpack .../087-libcdparanoia0_3.10.2+debian-14build3_amd64.deb ...
verify	Run npx playwright install --with-deps chromium firefox webkit	2026-10-10T23:47:02.1319613Z Unpacking libcdparanoia0:amd64 (3.10.2+debian-14build3) ...
verify	Run npx playwright install --with-deps chromium firefox webkit	2026-10-10T23:47:02.1491925Z Selecting previously unselected package libvisual-0.4-0:amd64.
verify	Run npx playwright install --with-deps chromium firefox webkit	2026-10-10T23:47:02.1598128Z Preparing to unpack .../088-libvisual-0.4-0_0.4.2-2build1_amd64.deb ...
verify	Run npx playwright install --with-deps chromium firefox webkit	2026-10-10T23:47:02.1604013Z Unpacking libvisual-0.4-0:amd64 (0.4.2-2build1) ...
verify	Run npx playwright install --with-deps chromium firefox webkit	2026-10-10T23:47:02.1774896Z Selecting previously unselected package gstreamer1.0-plugins-base:amd64.
verify	Run npx playwright install --with-deps chromium firefox webkit	2026-10-10T23:47:02.1881219Z Preparing to unpack .../089-gstreamer1.0-plugins-base_1.24.2-1ubuntu0.5_amd64.deb ...
verify	Run npx playwright install --with-deps chromium firefox webkit	2026-10-10T23:47:02.1886431Z Unpacking gstreamer1.0-plugins-base:amd64 (1.24.2-1ubuntu0.5) ...
verify	Run npx playwright install --with-deps chromium firefox webkit	2026-10-10T23:47:02.2238920Z Selecting previously unselected package libaa1:amd64.
verify	Run npx playwright install --with-deps chromium firefox webkit	2026-10-10T23:47:02.2348692Z Preparing to unpack .../090-libaa1_1.4p5-51.1_amd64.deb ...
verify	Run npx playwright install --with-deps chromium firefox webkit	2026-10-10T23:47:02.2362307Z Unpacking libaa1:amd64 (1.4p5-51.1) ...
verify	Run npx playwright install --with-deps chromium firefox webkit	2026-10-10T23:47:02.2529873Z Selecting previously unselected package libraw1394-11:amd64.
verify	Run npx playwright install --with-deps chromium firefox webkit	2026-10-10T23:47:02.2636216Z Preparing to unpack .../091-libraw1394-11_2.1.2-2build3_amd64.deb ...
verify	Run npx playwright install --with-deps chromium firefox webkit	2026-10-10T23:47:02.2643178Z Unpacking libraw1394-11:amd64 (2.1.2-2build3) ...
verify	Run npx playwright install --with-deps chromium firefox webkit	2026-10-10T23:47:02.2810892Z Selecting previously unselected package libavc1394-0:amd64.
verify	Run npx playwright install --with-deps chromium firefox webkit	2026-10-10T23:47:02.2916274Z Preparing to unpack .../092-libavc1394-0_0.5.4-5build3_amd64.deb ...
verify	Run npx playwright install --with-deps chromium firefox webkit	2026-10-10T23:47:02.2922279Z Unpacking libavc1394-0:amd64 (0.5.4-5build3) ...
verify	Run npx playwright install --with-deps chromium firefox webkit	2026-10-10T23:47:02.3097949Z Selecting previously unselected package libcaca0:amd64.
verify	Run npx playwright install --with-deps chromium firefox webkit	2026-10-10T23:47:02.3203568Z Preparing to unpack .../093-libcaca0_0.99.beta20-4ubuntu0.2_amd64.deb ...
verify	Run npx playwright install --with-deps chromium firefox webkit	2026-10-10T23:47:02.3209781Z Unpacking libcaca0:amd64 (0.99.beta20-4ubuntu0.2) ...
verify	Run npx playwright install --with-deps chromium firefox webkit	2026-10-10T23:47:02.3416013Z Selecting previously unselected package libdv4t64:amd64.
verify	Run npx playwright install --with-deps chromium firefox webkit	2026-10-10T23:47:02.3520717Z Preparing to unpack .../094-libdv4t64_1.0.0-17.1build1_amd64.deb ...
verify	Run npx playwright install --with-deps chromium firefox webkit	2026-10-10T23:47:02.3526386Z Unpacking libdv4t64:amd64 (1.0.0-17.1build1) ...
verify	Run npx playwright install --with-deps chromium firefox webkit	2026-10-10T23:47:02.3696833Z Selecting previously unselected package libgstreamer-plugins-good1.0-0:amd64.
verify	Run npx playwright install --with-deps chromium firefox webkit	2026-10-10T23:47:02.3801869Z Preparing to unpack .../095-libgstreamer-plugins-good1.0-0_1.24.2-1ubuntu1.8_amd64.deb ...
verify	Run npx playwright install --with-deps chromium firefox webkit	2026-10-10T23:47:02.3808161Z Unpacking libgstreamer-plugins-good1.0-0:amd64 (1.24.2-1ubuntu1.8) ...
verify	Run npx playwright install --with-deps chromium firefox webkit	2026-10-10T23:47:02.3989084Z Selecting previously unselected package libiec61883-0:amd64.
verify	Run npx playwright install --with-deps chromium firefox webkit	2026-10-10T23:47:02.4097135Z Preparing to unpack .../096-libiec61883-0_1.2.0-6build1_amd64.deb ...
verify	Run npx playwright install --with-deps chromium firefox webkit	2026-10-10T23:47:02.4233114Z Unpacking libiec61883-0:amd64 (1.2.0-6build1) ...
verify	Run npx playwright install --with-deps chromium firefox webkit	2026-10-10T23:47:02.4407251Z Selecting previously unselected package libshout3:amd64.
verify	Run npx playwright install --with-deps chromium firefox webkit	2026-10-10T23:47:02.4512743Z Preparing to unpack .../097-libshout3_2.4.6-1build2_amd64.deb ...
verify	Run npx playwright install --with-deps chromium firefox webkit	2026-10-10T23:47:02.4518321Z Unpacking libshout3:amd64 (2.4.6-1build2) ...
verify	Run npx playwright install --with-deps chromium firefox webkit	2026-10-10T23:47:02.4690248Z Selecting previously unselected package libtag1v5-vanilla:amd64.
verify	Run npx playwright install --with-deps chromium firefox webkit	2026-10-10T23:47:02.4795969Z Preparing to unpack .../098-libtag1v5-vanilla_1.13.1-1build1_amd64.deb ...
verify	Run npx playwright install --with-deps chromium firefox webkit	2026-10-10T23:47:02.4841549Z Unpacking libtag1v5-vanilla:amd64 (1.13.1-1build1) ...
verify	Run npx playwright install --with-deps chromium firefox webkit	2026-10-10T23:47:02.5071431Z Selecting previously unselected package libtag1v5:amd64.
verify	Run npx playwright install --with-deps chromium firefox webkit	2026-10-10T23:47:02.5178845Z Preparing to unpack .../099-libtag1v5_1.13.1-1build1_amd64.deb ...
verify	Run npx playwright install --with-deps chromium firefox webkit	2026-10-10T23:47:02.5184910Z Unpacking libtag1v5:amd64 (1.13.1-1build1) ...
verify	Run npx playwright install --with-deps chromium firefox webkit	2026-10-10T23:47:02.5347553Z Selecting previously unselected package libv4lconvert0t64:amd64.
verify	Run npx playwright install --with-deps chromium firefox webkit	2026-10-10T23:47:02.5453665Z Preparing to unpack .../100-libv4lconvert0t64_1.26.1-4build3_amd64.deb ...
verify	Run npx playwright install --with-deps chromium firefox webkit	2026-10-10T23:47:02.5459513Z Unpacking libv4lconvert0t64:amd64 (1.26.1-4build3) ...
verify	Run npx playwright install --with-deps chromium firefox webkit	2026-10-10T23:47:02.5641722Z Selecting previously unselected package libv4l-0t64:amd64.
verify	Run npx playwright install --with-deps chromium firefox webkit	2026-10-10T23:47:02.5747219Z Preparing to unpack .../101-libv4l-0t64_1.26.1-4build3_amd64.deb ...
verify	Run npx playwright install --with-deps chromium firefox webkit	2026-10-10T23:47:02.5752247Z Unpacking libv4l-0t64:amd64 (1.26.1-4build3) ...
verify	Run npx playwright install --with-deps chromium firefox webkit	2026-10-10T23:47:02.5932615Z Selecting previously unselected package libwavpack1:amd64.
verify	Run npx playwright install --with-deps chromium firefox webkit	2026-10-10T23:47:02.6037400Z Preparing to unpack .../102-libwavpack1_5.6.0-1build1_amd64.deb ...
verify	Run npx playwright install --with-deps chromium firefox webkit	2026-10-10T23:47:02.6043276Z Unpacking libwavpack1:amd64 (5.6.0-1build1) ...
verify	Run npx playwright install --with-deps chromium firefox webkit	2026-10-10T23:47:02.6204308Z Selecting previously unselected package libsoup-3.0-common.
verify	Run npx playwright install --with-deps chromium firefox webkit	2026-10-10T23:47:02.6309578Z Preparing to unpack .../103-libsoup-3.0-common_3.4.4-5ubuntu0.9_all.deb ...
verify	Run npx playwright install --with-deps chromium firefox webkit	2026-10-10T23:47:02.6314788Z Unpacking libsoup-3.0-common (3.4.4-5ubuntu0.9) ...
verify	Run npx playwright install --with-deps chromium firefox webkit	2026-10-10T23:47:02.6473239Z Selecting previously unselected package libsoup-3.0-0:amd64.
verify	Run npx playwright install --with-deps chromium firefox webkit	2026-10-10T23:47:02.6577715Z Preparing to unpack .../104-libsoup-3.0-0_3.4.4-5ubuntu0.9_amd64.deb ...
verify	Run npx playwright install --with-deps chromium firefox webkit	2026-10-10T23:47:02.6583787Z Unpacking libsoup-3.0-0:amd64 (3.4.4-5ubuntu0.9) ...
verify	Run npx playwright install --with-deps chromium firefox webkit	2026-10-10T23:47:02.6797150Z Selecting previously unselected package gstreamer1.0-plugins-good:amd64.
verify	Run npx playwright install --with-deps chromium firefox webkit	2026-10-10T23:47:02.6901218Z Preparing to unpack .../105-gstreamer1.0-plugins-good_1.24.2-1ubuntu1.8_amd64.deb ...
verify	Run npx playwright install --with-deps chromium firefox webkit	2026-10-10T23:47:02.6909513Z Unpacking gstreamer1.0-plugins-good:amd64 (1.24.2-1ubuntu1.8) ...
verify	Run npx playwright install --with-deps chromium firefox webkit	2026-10-10T23:47:02.7547872Z Selecting previously unselected package libabsl20220623t64:amd64.
verify	Run npx playwright install --with-deps chromium firefox webkit	2026-10-10T23:47:02.7658281Z Preparing to unpack .../106-libabsl20220623t64_20220623.1-3.1ubuntu3.2_amd64.deb ...
verify	Run npx playwright install --with-deps chromium firefox webkit	2026-10-10T23:47:02.7749238Z Unpacking libabsl20220623t64:amd64 (20220623.1-3.1ubuntu3.2) ...
verify	Run npx playwright install --with-deps chromium firefox webkit	2026-10-10T23:47:02.8122820Z Selecting previously unselected package libgav1-1:amd64.
verify	Run npx playwright install --with-deps chromium firefox webkit	2026-10-10T23:47:02.8232831Z Preparing to unpack .../107-libgav1-1_0.18.0-1build3_amd64.deb ...
verify	Run npx playwright install --with-deps chromium firefox webkit	2026-10-10T23:47:02.8240482Z Unpacking libgav1-1:amd64 (0.18.0-1build3) ...
verify	Run npx playwright install --with-deps chromium firefox webkit	2026-10-10T23:47:02.8453348Z Selecting previously unselected package libyuv0:amd64.
verify	Run npx playwright install --with-deps chromium firefox webkit	2026-10-10T23:47:02.8561304Z Preparing to unpack .../108-libyuv0_0.0~git202401110.af6ac82-1_amd64.deb ...
verify	Run npx playwright install --with-deps chromium firefox webkit	2026-10-10T23:47:02.8570682Z Unpacking libyuv0:amd64 (0.0~git202401110.af6ac82-1) ...
verify	Run npx playwright install --with-deps chromium firefox webkit	2026-10-10T23:47:02.8759876Z Selecting previously unselected package libavif16:amd64.
verify	Run npx playwright install --with-deps chromium firefox webkit	2026-10-10T23:47:02.8865538Z Preparing to unpack .../109-libavif16_1.0.4-1ubuntu3_amd64.deb ...
verify	Run npx playwright install --with-deps chromium firefox webkit	2026-10-10T23:47:02.8871836Z Unpacking libavif16:amd64 (1.0.4-1ubuntu3) ...
verify	Run npx playwright install --with-deps chromium firefox webkit	2026-10-10T23:47:02.9041568Z Selecting previously unselected package libavtp0:amd64.
verify	Run npx playwright install --with-deps chromium firefox webkit	2026-10-10T23:47:02.9147761Z Preparing to unpack .../110-libavtp0_0.2.0-1build1_amd64.deb ...
verify	Run npx playwright install --with-deps chromium firefox webkit	2026-10-10T23:47:02.9152923Z Unpacking libavtp0:amd64 (0.2.0-1build1) ...
verify	Run npx playwright install --with-deps chromium firefox webkit	2026-10-10T23:47:02.9312021Z Selecting previously unselected package libcairo-script-interpreter2:amd64.
verify	Run npx playwright install --with-deps chromium firefox webkit	2026-10-10T23:47:02.9418038Z Preparing to unpack .../111-libcairo-script-interpreter2_1.18.0-3build1_amd64.deb ...
verify	Run npx playwright install --with-deps chromium firefox webkit	2026-10-10T23:47:02.9423661Z Unpacking libcairo-script-interpreter2:amd64 (1.18.0-3build1) ...
verify	Run npx playwright install --with-deps chromium firefox webkit	2026-10-10T23:47:02.9590978Z Selecting previously unselected package libdc1394-25:amd64.
verify	Run npx playwright install --with-deps chromium firefox webkit	2026-10-10T23:47:02.9695332Z Preparing to unpack .../112-libdc1394-25_2.2.6-4build1_amd64.deb ...
verify	Run npx playwright install --with-deps chromium firefox webkit	2026-10-10T23:47:02.9701466Z Unpacking libdc1394-25:amd64 (2.2.6-4build1) ...
verify	Run npx playwright install --with-deps chromium firefox webkit	2026-10-10T23:47:02.9882079Z Selecting previously unselected package libde265-0:amd64.
verify	Run npx playwright install --with-deps chromium firefox webkit	2026-10-10T23:47:02.9988239Z Preparing to unpack .../113-libde265-0_1.0.15-1ubuntu0.2_amd64.deb ...
verify	Run npx playwright install --with-deps chromium firefox webkit	2026-10-10T23:47:02.9994451Z Unpacking libde265-0:amd64 (1.0.15-1ubuntu0.2) ...
verify	Run npx playwright install --with-deps chromium firefox webkit	2026-10-10T23:47:03.0178845Z Selecting previously unselected package libdecor-0-0:amd64.
verify	Run npx playwright install --with-deps chromium firefox webkit	2026-10-10T23:47:03.0282851Z Preparing to unpack .../114-libdecor-0-0_0.2.2-1build2_amd64.deb ...
verify	Run npx playwright install --with-deps chromium firefox webkit	2026-10-10T23:47:03.0288383Z Unpacking libdecor-0-0:amd64 (0.2.2-1build2) ...
verify	Run npx playwright install --with-deps chromium firefox webkit	2026-10-10T23:47:03.0451073Z Selecting previously unselected package libgles2:amd64.
verify	Run npx playwright install --with-deps chromium firefox webkit	2026-10-10T23:47:03.0559834Z Preparing to unpack .../115-libgles2_1.7.0-1build1_amd64.deb ...
verify	Run npx playwright install --with-deps chromium firefox webkit	2026-10-10T23:47:03.0565551Z Unpacking libgles2:amd64 (1.7.0-1build1) ...
verify	Run npx playwright install --with-deps chromium firefox webkit	2026-10-10T23:47:03.0779360Z Selecting previously unselected package libdirectfb-1.7-7t64:amd64.
verify	Run npx playwright install --with-deps chromium firefox webkit	2026-10-10T23:47:03.0890094Z Preparing to unpack .../116-libdirectfb-1.7-7t64_1.7.7-11.1ubuntu2_amd64.deb ...
verify	Run npx playwright install --with-deps chromium firefox webkit	2026-10-10T23:47:03.0896086Z Unpacking libdirectfb-1.7-7t64:amd64 (1.7.7-11.1ubuntu2) ...
verify	Run npx playwright install --with-deps chromium firefox webkit	2026-10-10T23:47:03.1495053Z Selecting previously unselected package libdvdread8t64:amd64.
verify	Run npx playwright install --with-deps chromium firefox webkit	2026-10-10T23:47:03.1607836Z Preparing to unpack .../117-libdvdread8t64_6.1.3-1.1build1_amd64.deb ...
verify	Run npx playwright install --with-deps chromium firefox webkit	2026-10-10T23:47:03.1723612Z Unpacking libdvdread8t64:amd64 (6.1.3-1.1build1) ...
verify	Run npx playwright install --with-deps chromium firefox webkit	2026-10-10T23:47:03.1897267Z Selecting previously unselected package libdvdnav4:amd64.
verify	Run npx playwright install --with-deps chromium firefox webkit	2026-10-10T23:47:03.2004832Z Preparing to unpack .../118-libdvdnav4_6.1.1-3build1_amd64.deb ...
verify	Run npx playwright install --with-deps chromium firefox webkit	2026-10-10T23:47:03.2020764Z Unpacking libdvdnav4:amd64 (6.1.1-3build1) ...
verify	Run npx playwright install --with-deps chromium firefox webkit	2026-10-10T23:47:03.2190159Z Selecting previously unselected package libegl-mesa0:amd64.
verify	Run npx playwright install --with-deps chromium firefox webkit	2026-10-10T23:47:03.2295340Z Preparing to unpack .../119-libegl-mesa0_25.2.8-0ubuntu0.24.04.4_amd64.deb ...
verify	Run npx playwright install --with-deps chromium firefox webkit	2026-10-10T23:47:03.2302820Z Unpacking libegl-mesa0:amd64 (25.2.8-0ubuntu0.24.04.4) ...
verify	Run npx playwright install --with-deps chromium firefox webkit	2026-10-10T23:47:03.2481148Z Selecting previously unselected package libevent-2.1-7t64:amd64.
verify	Run npx playwright install --with-deps chromium firefox webkit	2026-10-10T23:47:03.2587449Z Preparing to unpack .../120-libevent-2.1-7t64_2.1.12-stable-9ubuntu2.2_amd64.deb ...
verify	Run npx playwright install --with-deps chromium firefox webkit	2026-10-10T23:47:03.2595761Z Unpacking libevent-2.1-7t64:amd64 (2.1.12-stable-9ubuntu2.2) ...
verify	Run npx playwright install --with-deps chromium firefox webkit	2026-10-10T23:47:03.2782882Z Selecting previously unselected package libfaad2:amd64.
verify	Run npx playwright install --with-deps chromium firefox webkit	2026-10-10T23:47:03.2893612Z Preparing to unpack .../121-libfaad2_2.11.1-1build1_amd64.deb ...
verify	Run npx playwright install --with-deps chromium firefox webkit	2026-10-10T23:47:03.2901711Z Unpacking libfaad2:amd64 (2.11.1-1build1) ...
verify	Run npx playwright install --with-deps chromium firefox webkit	2026-10-10T23:47:03.3099090Z Selecting previously unselected package libinstpatch-1.0-2:amd64.
verify	Run npx playwright install --with-deps chromium firefox webkit	2026-10-10T23:47:03.3209979Z Preparing to unpack .../122-libinstpatch-1.0-2_1.1.6-1build2_amd64.deb ...
verify	Run npx playwright install --with-deps chromium firefox webkit	2026-10-10T23:47:03.3218121Z Unpacking libinstpatch-1.0-2:amd64 (1.1.6-1build2) ...
verify	Run npx playwright install --with-deps chromium firefox webkit	2026-10-10T23:47:03.3463251Z Selecting previously unselected package libjack-jackd2-0:amd64.
verify	Run npx playwright install --with-deps chromium firefox webkit	2026-10-10T23:47:03.3571392Z Preparing to unpack .../123-libjack-jackd2-0_1.9.21~dfsg-3ubuntu3_amd64.deb ...
verify	Run npx playwright install --with-deps chromium firefox webkit	2026-10-10T23:47:03.3577859Z Unpacking libjack-jackd2-0:amd64 (1.9.21~dfsg-3ubuntu3) ...
verify	Run npx playwright install --with-deps chromium firefox webkit	2026-10-10T23:47:03.4734336Z Selecting previously unselected package libwebrtc-audio-processing1:amd64.
verify	Run npx playwright install --with-deps chromium firefox webkit	2026-10-10T23:47:03.4845390Z Preparing to unpack .../124-libwebrtc-audio-processing1_0.3.1-0ubuntu6_amd64.deb ...
verify	Run npx playwright install --with-deps chromium firefox webkit	2026-10-10T23:47:03.4853802Z Unpacking libwebrtc-audio-processing1:amd64 (0.3.1-0ubuntu6) ...
verify	Run npx playwright install --with-deps chromium firefox webkit	2026-10-10T23:47:03.5067380Z Selecting previously unselected package libspa-0.2-modules:amd64.
verify	Run npx playwright install --with-deps chromium firefox webkit	2026-10-10T23:47:03.5174580Z Preparing to unpack .../125-libspa-0.2-modules_1.0.5-1ubuntu3.3_amd64.deb ...
verify	Run npx playwright install --with-deps chromium firefox webkit	2026-10-10T23:47:03.5180143Z Unpacking libspa-0.2-modules:amd64 (1.0.5-1ubuntu3.3) ...
verify	Run npx playwright install --with-deps chromium firefox webkit	2026-10-10T23:47:03.5873298Z Selecting previously unselected package libpipewire-0.3-0t64:amd64.
verify	Run npx playwright install --with-deps chromium firefox webkit	2026-10-10T23:47:03.5983208Z Preparing to unpack .../126-libpipewire-0.3-0t64_1.0.5-1ubuntu3.3_amd64.deb ...
verify	Run npx playwright install --with-deps chromium firefox webkit	2026-10-10T23:47:03.5990824Z Unpacking libpipewire-0.3-0t64:amd64 (1.0.5-1ubuntu3.3) ...
verify	Run npx playwright install --with-deps chromium firefox webkit	2026-10-10T23:47:03.6199103Z Selecting previously unselected package libsdl2-2.0-0:amd64.
verify	Run npx playwright install --with-deps chromium firefox webkit	2026-10-10T23:47:03.6306344Z Preparing to unpack .../127-libsdl2-2.0-0_2.30.0+dfsg-1ubuntu3.1_amd64.deb ...
verify	Run npx playwright install --with-deps chromium firefox webkit	2026-10-10T23:47:03.6313360Z Unpacking libsdl2-2.0-0:amd64 (2.30.0+dfsg-1ubuntu3.1) ...
verify	Run npx playwright install --with-deps chromium firefox webkit	2026-10-10T23:47:03.6658001Z Selecting previously unselected package timgm6mb-soundfont.
verify	Run npx playwright install --with-deps chromium firefox webkit	2026-10-10T23:47:03.6766277Z Preparing to unpack .../128-timgm6mb-soundfont_1.3-5_all.deb ...
verify	Run npx playwright install --with-deps chromium firefox webkit	2026-10-10T23:47:03.6771197Z Unpacking timgm6mb-soundfont (1.3-5) ...
verify	Run npx playwright install --with-deps chromium firefox webkit	2026-10-10T23:47:03.9848043Z Selecting previously unselected package libfluidsynth3:amd64.
verify	Run npx playwright install --with-deps chromium firefox webkit	2026-10-10T23:47:03.9961455Z Preparing to unpack .../129-libfluidsynth3_2.3.4-1build3_amd64.deb ...
verify	Run npx playwright install --with-deps chromium firefox webkit	2026-10-10T23:47:03.9969528Z Unpacking libfluidsynth3:amd64 (2.3.4-1build3) ...
verify	Run npx playwright install --with-deps chromium firefox webkit	2026-10-10T23:47:04.0176149Z Selecting previously unselected package libfreeaptx0:amd64.
verify	Run npx playwright install --with-deps chromium firefox webkit	2026-10-10T23:47:04.0284545Z Preparing to unpack .../130-libfreeaptx0_0.1.1-2build1_amd64.deb ...
verify	Run npx playwright install --with-deps chromium firefox webkit	2026-10-10T23:47:04.0293345Z Unpacking libfreeaptx0:amd64 (0.1.1-2build1) ...
verify	Run npx playwright install --with-deps chromium firefox webkit	2026-10-10T23:47:04.0455059Z Selecting previously unselected package libgraphene-1.0-0:amd64.
verify	Run npx playwright install --with-deps chromium firefox webkit	2026-10-10T23:47:04.0562168Z Preparing to unpack .../131-libgraphene-1.0-0_1.10.8-3build2_amd64.deb ...
verify	Run npx playwright install --with-deps chromium firefox webkit	2026-10-10T23:47:04.0567444Z Unpacking libgraphene-1.0-0:amd64 (1.10.8-3build2) ...
verify	Run npx playwright install --with-deps chromium firefox webkit	2026-10-10T23:47:04.0786444Z Selecting previously unselected package libgssdp-1.6-0:amd64.
verify	Run npx playwright install --with-deps chromium firefox webkit	2026-10-10T23:47:04.0896343Z Preparing to unpack .../132-libgssdp-1.6-0_1.6.3-1build3_amd64.deb ...
verify	Run npx playwright install --with-deps chromium firefox webkit	2026-10-10T23:47:04.0904477Z Unpacking libgssdp-1.6-0:amd64 (1.6.3-1build3) ...
verify	Run npx playwright install --with-deps chromium firefox webkit	2026-10-10T23:47:04.1071667Z Selecting previously unselected package libegl1:amd64.
verify	Run npx playwright install --with-deps chromium firefox webkit	2026-10-10T23:47:04.1178003Z Preparing to unpack .../133-libegl1_1.7.0-1build1_amd64.deb ...
verify	Run npx playwright install --with-deps chromium firefox webkit	2026-10-10T23:47:04.1185533Z Unpacking libegl1:amd64 (1.7.0-1build1) ...
verify	Run npx playwright install --with-deps chromium firefox webkit	2026-10-10T23:47:04.1354676Z Selecting previously unselected package libgstreamer-gl1.0-0:amd64.
verify	Run npx playwright install --with-deps chromium firefox webkit	2026-10-10T23:47:04.1459903Z Preparing to unpack .../134-libgstreamer-gl1.0-0_1.24.2-1ubuntu0.5_amd64.deb ...
verify	Run npx playwright install --with-deps chromium firefox webkit	2026-10-10T23:47:04.1464522Z Unpacking libgstreamer-gl1.0-0:amd64 (1.24.2-1ubuntu0.5) ...
verify	Run npx playwright install --with-deps chromium firefox webkit	2026-10-10T23:47:04.1655006Z Selecting previously unselected package libgtk-4-common.
verify	Run npx playwright install --with-deps chromium firefox webkit	2026-10-10T23:47:04.1760987Z Preparing to unpack .../135-libgtk-4-common_4.14.5+ds-0ubuntu0.10_all.deb ...
verify	Run npx playwright install --with-deps chromium firefox webkit	2026-10-10T23:47:04.1766897Z Unpacking libgtk-4-common (4.14.5+ds-0ubuntu0.10) ...
verify	Run npx playwright install --with-deps chromium firefox webkit	2026-10-10T23:47:04.2272452Z Selecting previously unselected package libgtk-4-1:amd64.
verify	Run npx playwright install --with-deps chromium firefox webkit	2026-10-10T23:47:04.2382030Z Preparing to unpack .../136-libgtk-4-1_4.14.5+ds-0ubuntu0.10_amd64.deb ...
verify	Run npx playwright install --with-deps chromium firefox webkit	2026-10-10T23:47:04.2398223Z Unpacking libgtk-4-1:amd64 (4.14.5+ds-0ubuntu0.10) ...
verify	Run npx playwright install --with-deps chromium firefox webkit	2026-10-10T23:47:04.3425287Z Selecting previously unselected package libgupnp-1.6-0:amd64.
verify	Run npx playwright install --with-deps chromium firefox webkit	2026-10-10T23:47:04.3534529Z Preparing to unpack .../137-libgupnp-1.6-0_1.6.6-1build3_amd64.deb ...
verify	Run npx playwright install --with-deps chromium firefox webkit	2026-10-10T23:47:04.3540503Z Unpacking libgupnp-1.6-0:amd64 (1.6.6-1build3) ...
verify	Run npx playwright install --with-deps chromium firefox webkit	2026-10-10T23:47:04.3716779Z Selecting previously unselected package libgupnp-igd-1.6-0:amd64.
verify	Run npx playwright install --with-deps chromium firefox webkit	2026-10-10T23:47:04.3824674Z Preparing to unpack .../138-libgupnp-igd-1.6-0_1.6.0-3build3_amd64.deb ...
verify	Run npx playwright install --with-deps chromium firefox webkit	2026-10-10T23:47:04.3829516Z Unpacking libgupnp-igd-1.6-0:amd64 (1.6.0-3build3) ...
verify	Run npx playwright install --with-deps chromium firefox webkit	2026-10-10T23:47:04.4040156Z Selecting previously unselected package libharfbuzz-icu0:amd64.
verify	Run npx playwright install --with-deps chromium firefox webkit	2026-10-10T23:47:04.4146222Z Preparing to unpack .../139-libharfbuzz-icu0_8.3.0-2build2_amd64.deb ...
verify	Run npx playwright install --with-deps chromium firefox webkit	2026-10-10T23:47:04.4151746Z Unpacking libharfbuzz-icu0:amd64 (8.3.0-2build2) ...
verify	Run npx playwright install --with-deps chromium firefox webkit	2026-10-10T23:47:04.4316165Z Selecting previously unselected package libhyphen0:amd64.
verify	Run npx playwright install --with-deps chromium firefox webkit	2026-10-10T23:47:04.4421371Z Preparing to unpack .../140-libhyphen0_2.8.8-7build3_amd64.deb ...
verify	Run npx playwright install --with-deps chromium firefox webkit	2026-10-10T23:47:04.4428353Z Unpacking libhyphen0:amd64 (2.8.8-7build3) ...
verify	Run npx playwright install --with-deps chromium firefox webkit	2026-10-10T23:47:04.4612373Z Selecting previously unselected package libimath-3-1-29t64:amd64.
verify	Run npx playwright install --with-deps chromium firefox webkit	2026-10-10T23:47:04.4717627Z Preparing to unpack .../141-libimath-3-1-29t64_3.1.9-3.1ubuntu2_amd64.deb ...
verify	Run npx playwright install --with-deps chromium firefox webkit	2026-10-10T23:47:04.4723318Z Unpacking libimath-3-1-29t64:amd64 (3.1.9-3.1ubuntu2) ...
verify	Run npx playwright install --with-deps chromium firefox webkit	2026-10-10T23:47:04.4920983Z Selecting previously unselected package liblc3-1:amd64.
verify	Run npx playwright install --with-deps chromium firefox webkit	2026-10-10T23:47:04.5030146Z Preparing to unpack .../142-liblc3-1_1.0.4-3build1_amd64.deb ...
verify	Run npx playwright install --with-deps chromium firefox webkit	2026-10-10T23:47:04.5038659Z Unpacking liblc3-1:amd64 (1.0.4-3build1) ...
verify	Run npx playwright install --with-deps chromium firefox webkit	2026-10-10T23:47:04.5324664Z Selecting previously unselected package libldacbt-enc2:amd64.
verify	Run npx playwright install --with-deps chromium firefox webkit	2026-10-10T23:47:04.5430930Z Preparing to unpack .../143-libldacbt-enc2_2.0.2.3+git20200429+ed310a0-4ubuntu2_amd64.deb ...
verify	Run npx playwright install --with-deps chromium firefox webkit	2026-10-10T23:47:04.5437169Z Unpacking libldacbt-enc2:amd64 (2.0.2.3+git20200429+ed310a0-4ubuntu2) ...
verify	Run npx playwright install --with-deps chromium firefox webkit	2026-10-10T23:47:04.5600596Z Selecting previously unselected package libraptor2-0:amd64.
verify	Run npx playwright install --with-deps chromium firefox webkit	2026-10-10T23:47:04.5706228Z Preparing to unpack .../144-libraptor2-0_2.0.16-3ubuntu0.1_amd64.deb ...
verify	Run npx playwright install --with-deps chromium firefox webkit	2026-10-10T23:47:04.5711867Z Unpacking libraptor2-0:amd64 (2.0.16-3ubuntu0.1) ...
verify	Run npx playwright install --with-deps chromium firefox webkit	2026-10-10T23:47:04.5899559Z Selecting previously unselected package liblrdf0:amd64.
verify	Run npx playwright install --with-deps chromium firefox webkit	2026-10-10T23:47:04.6005910Z Preparing to unpack .../145-liblrdf0_0.6.1-4build1_amd64.deb ...
verify	Run npx playwright install --with-deps chromium firefox webkit	2026-10-10T23:47:04.6013571Z Unpacking liblrdf0:amd64 (0.6.1-4build1) ...
verify	Run npx playwright install --with-deps chromium firefox webkit	2026-10-10T23:47:04.6185593Z Selecting previously unselected package libltc11:amd64.
verify	Run npx playwright install --with-deps chromium firefox webkit	2026-10-10T23:47:04.6290811Z Preparing to unpack .../146-libltc11_1.3.2-1build1_amd64.deb ...
verify	Run npx playwright install --with-deps chromium firefox webkit	2026-10-10T23:47:04.6297036Z Unpacking libltc11:amd64 (1.3.2-1build1) ...
verify	Run npx playwright install --with-deps chromium firefox webkit	2026-10-10T23:47:04.6468770Z Selecting previously unselected package libmanette-0.2-0:amd64.
verify	Run npx playwright install --with-deps chromium firefox webkit	2026-10-10T23:47:04.6574074Z Preparing to unpack .../147-libmanette-0.2-0_0.2.7-1build2_amd64.deb ...
verify	Run npx playwright install --with-deps chromium firefox webkit	2026-10-10T23:47:04.6579961Z Unpacking libmanette-0.2-0:amd64 (0.2.7-1build2) ...
verify	Run npx playwright install --with-deps chromium firefox webkit	2026-10-10T23:47:04.6751282Z Selecting previously unselected package libmfx1:amd64.
verify	Run npx playwright install --with-deps chromium firefox webkit	2026-10-10T23:47:04.6855375Z Preparing to unpack .../148-libmfx1_22.5.4-1_amd64.deb ...
verify	Run npx playwright install --with-deps chromium firefox webkit	2026-10-10T23:47:04.6861372Z Unpacking libmfx1:amd64 (22.5.4-1) ...
verify	Run npx playwright install --with-deps chromium firefox webkit	2026-10-10T23:47:04.8694492Z Selecting previously unselected package libmjpegutils-2.1-0t64:amd64.
verify	Run npx playwright install --with-deps chromium firefox webkit	2026-10-10T23:47:04.8806097Z Preparing to unpack .../149-libmjpegutils-2.1-0t64_1%3a2.1.0+debian-8.1build1_amd64.deb ...
verify	Run npx playwright install --with-deps chromium firefox webkit	2026-10-10T23:47:04.8811796Z Unpacking libmjpegutils-2.1-0t64:amd64 (1:2.1.0+debian-8.1build1) ...
verify	Run npx playwright install --with-deps chromium firefox webkit	2026-10-10T23:47:04.8979691Z Selecting previously unselected package libmodplug1:amd64.
verify	Run npx playwright install --with-deps chromium firefox webkit	2026-10-10T23:47:04.9088311Z Preparing to unpack .../150-libmodplug1_1%3a0.8.9.0-3build1_amd64.deb ...
verify	Run npx playwright install --with-deps chromium firefox webkit	2026-10-10T23:47:04.9094362Z Unpacking libmodplug1:amd64 (1:0.8.9.0-3build1) ...
verify	Run npx playwright install --with-deps chromium firefox webkit	2026-10-10T23:47:04.9274714Z Selecting previously unselected package libmpcdec6:amd64.
verify	Run npx playwright install --with-deps chromium firefox webkit	2026-10-10T23:47:04.9382731Z Preparing to unpack .../151-libmpcdec6_2%3a0.1~r495-2build1_amd64.deb ...
verify	Run npx playwright install --with-deps chromium firefox webkit	2026-10-10T23:47:04.9388534Z Unpacking libmpcdec6:amd64 (2:0.1~r495-2build1) ...
verify	Run npx playwright install --with-deps chromium firefox webkit	2026-10-10T23:47:04.9550807Z Selecting previously unselected package libmpeg2encpp-2.1-0t64:amd64.
verify	Run npx playwright install --with-deps chromium firefox webkit	2026-10-10T23:47:04.9659005Z Preparing to unpack .../152-libmpeg2encpp-2.1-0t64_1%3a2.1.0+debian-8.1build1_amd64.deb ...
verify	Run npx playwright install --with-deps chromium firefox webkit	2026-10-10T23:47:04.9665256Z Unpacking libmpeg2encpp-2.1-0t64:amd64 (1:2.1.0+debian-8.1build1) ...
verify	Run npx playwright install --with-deps chromium firefox webkit	2026-10-10T23:47:04.9834956Z Selecting previously unselected package libmplex2-2.1-0t64:amd64.
verify	Run npx playwright install --with-deps chromium firefox webkit	2026-10-10T23:47:04.9941266Z Preparing to unpack .../153-libmplex2-2.1-0t64_1%3a2.1.0+debian-8.1build1_amd64.deb ...
verify	Run npx playwright install --with-deps chromium firefox webkit	2026-10-10T23:47:04.9947848Z Unpacking libmplex2-2.1-0t64:amd64 (1:2.1.0+debian-8.1build1) ...
verify	Run npx playwright install --with-deps chromium firefox webkit	2026-10-10T23:47:05.0120498Z Selecting previously unselected package libneon27t64:amd64.
verify	Run npx playwright install --with-deps chromium firefox webkit	2026-10-10T23:47:05.0225298Z Preparing to unpack .../154-libneon27t64_0.33.0-1.1build3_amd64.deb ...
verify	Run npx playwright install --with-deps chromium firefox webkit	2026-10-10T23:47:05.0233005Z Unpacking libneon27t64:amd64 (0.33.0-1.1build3) ...
verify	Run npx playwright install --with-deps chromium firefox webkit	2026-10-10T23:47:05.0407314Z Selecting previously unselected package libnice10:amd64.
verify	Run npx playwright install --with-deps chromium firefox webkit	2026-10-10T23:47:05.0511831Z Preparing to unpack .../155-libnice10_0.1.21-2build3_amd64.deb ...
verify	Run npx playwright install --with-deps chromium firefox webkit	2026-10-10T23:47:05.0518814Z Unpacking libnice10:amd64 (0.1.21-2build3) ...
verify	Run npx playwright install --with-deps chromium firefox webkit	2026-10-10T23:47:05.0769471Z Selecting previously unselected package libopenal-data.
verify	Run npx playwright install --with-deps chromium firefox webkit	2026-10-10T23:47:05.0881533Z Preparing to unpack .../156-libopenal-data_1%3a1.23.1-4build1_all.deb ...
verify	Run npx playwright install --with-deps chromium firefox webkit	2026-10-10T23:47:05.0892346Z Unpacking libopenal-data (1:1.23.1-4build1) ...
verify	Run npx playwright install --with-deps chromium firefox webkit	2026-10-10T23:47:05.1081018Z Selecting previously unselected package libopenexr-3-1-30:amd64.
verify	Run npx playwright install --with-deps chromium firefox webkit	2026-10-10T23:47:05.1189849Z Preparing to unpack .../157-libopenexr-3-1-30_3.1.5-5.1build3_amd64.deb ...
verify	Run npx playwright install --with-deps chromium firefox webkit	2026-10-10T23:47:05.1196032Z Unpacking libopenexr-3-1-30:amd64 (3.1.5-5.1build3) ...
verify	Run npx playwright install --with-deps chromium firefox webkit	2026-10-10T23:47:05.1611410Z Selecting previously unselected package libopenh264-7:amd64.
verify	Run npx playwright install --with-deps chromium firefox webkit	2026-10-10T23:47:05.1723831Z Preparing to unpack .../158-libopenh264-7_2.4.1+dfsg-1_amd64.deb ...
verify	Run npx playwright install --with-deps chromium firefox webkit	2026-10-10T23:47:05.1729837Z Unpacking libopenh264-7:amd64 (2.4.1+dfsg-1) ...
verify	Run npx playwright install --with-deps chromium firefox webkit	2026-10-10T23:47:05.1994031Z Selecting previously unselected package libopenni2-0:amd64.
verify	Run npx playwright install --with-deps chromium firefox webkit	2026-10-10T23:47:05.2105599Z Preparing to unpack .../159-libopenni2-0_2.2.0.33+dfsg-18_amd64.deb ...
verify	Run npx playwright install --with-deps chromium firefox webkit	2026-10-10T23:47:05.2130569Z Unpacking libopenni2-0:amd64 (2.2.0.33+dfsg-18) ...
verify	Run npx playwright install --with-deps chromium firefox webkit	2026-10-10T23:47:05.2565309Z Selecting previously unselected package libqrencode4:amd64.
verify	Run npx playwright install --with-deps chromium firefox webkit	2026-10-10T23:47:05.2675508Z Preparing to unpack .../160-libqrencode4_4.1.1-1build2_amd64.deb ...
verify	Run npx playwright install --with-deps chromium firefox webkit	2026-10-10T23:47:05.2681252Z Unpacking libqrencode4:amd64 (4.1.1-1build2) ...
verify	Run npx playwright install --with-deps chromium firefox webkit	2026-10-10T23:47:05.6063146Z Selecting previously unselected package libsecret-common.
verify	Run npx playwright install --with-deps chromium firefox webkit	2026-10-10T23:47:05.6176263Z Preparing to unpack .../161-libsecret-common_0.21.4-1build3_all.deb ...
verify	Run npx playwright install --with-deps chromium firefox webkit	2026-10-10T23:47:05.7390200Z Unpacking libsecret-common (0.21.4-1build3) ...
verify	Run npx playwright install --with-deps chromium firefox webkit	2026-10-10T23:47:05.7780112Z Selecting previously unselected package libsecret-1-0:amd64.
verify	Run npx playwright install --with-deps chromium firefox webkit	2026-10-10T23:47:05.7890740Z Preparing to unpack .../162-libsecret-1-0_0.21.4-1build3_amd64.deb ...
verify	Run npx playwright install --with-deps chromium firefox webkit	2026-10-10T23:47:05.7895552Z Unpacking libsecret-1-0:amd64 (0.21.4-1build3) ...
verify	Run npx playwright install --with-deps chromium firefox webkit	2026-10-10T23:47:05.8076959Z Selecting previously unselected package libsndio7.0:amd64.
verify	Run npx playwright install --with-deps chromium firefox webkit	2026-10-10T23:47:05.8184777Z Preparing to unpack .../163-libsndio7.0_1.9.0-0.3build3_amd64.deb ...
verify	Run npx playwright install --with-deps chromium firefox webkit	2026-10-10T23:47:05.8190354Z Unpacking libsndio7.0:amd64 (1.9.0-0.3build3) ...
verify	Run npx playwright install --with-deps chromium firefox webkit	2026-10-10T23:47:05.8356160Z Selecting previously unselected package libsoundtouch1:amd64.
verify	Run npx playwright install --with-deps chromium firefox webkit	2026-10-10T23:47:05.8462075Z Preparing to unpack .../164-libsoundtouch1_2.3.2+ds1-1build1_amd64.deb ...
verify	Run npx playwright install --with-deps chromium firefox webkit	2026-10-10T23:47:05.8468161Z Unpacking libsoundtouch1:amd64 (2.3.2+ds1-1build1) ...
verify	Run npx playwright install --with-deps chromium firefox webkit	2026-10-10T23:47:05.8634203Z Selecting previously unselected package libspandsp2t64:amd64.
verify	Run npx playwright install --with-deps chromium firefox webkit	2026-10-10T23:47:05.8736899Z Preparing to unpack .../165-libspandsp2t64_0.0.6+dfsg-2.1build1_amd64.deb ...
verify	Run npx playwright install --with-deps chromium firefox webkit	2026-10-10T23:47:05.8742794Z Unpacking libspandsp2t64:amd64 (0.0.6+dfsg-2.1build1) ...
verify	Run npx playwright install --with-deps chromium firefox webkit	2026-10-10T23:47:05.8958946Z Selecting previously unselected package libsrtp2-1:amd64.
verify	Run npx playwright install --with-deps chromium firefox webkit	2026-10-10T23:47:05.9064839Z Preparing to unpack .../166-libsrtp2-1_2.5.0-3build1_amd64.deb ...
verify	Run npx playwright install --with-deps chromium firefox webkit	2026-10-10T23:47:05.9072463Z Unpacking libsrtp2-1:amd64 (2.5.0-3build1) ...
verify	Run npx playwright install --with-deps chromium firefox webkit	2026-10-10T23:47:05.9444367Z Selecting previously unselected package libwayland-server0:amd64.
verify	Run npx playwright install --with-deps chromium firefox webkit	2026-10-10T23:47:05.9554871Z Preparing to unpack .../167-libwayland-server0_1.22.0-2.1build1_amd64.deb ...
verify	Run npx playwright install --with-deps chromium firefox webkit	2026-10-10T23:47:05.9563470Z Unpacking libwayland-server0:amd64 (1.22.0-2.1build1) ...
verify	Run npx playwright install --with-deps chromium firefox webkit	2026-10-10T23:47:05.9745400Z Selecting previously unselected package libwildmidi2:amd64.
verify	Run npx playwright install --with-deps chromium firefox webkit	2026-10-10T23:47:05.9852745Z Preparing to unpack .../168-libwildmidi2_0.4.3-1build3_amd64.deb ...
verify	Run npx playwright install --with-deps chromium firefox webkit	2026-10-10T23:47:05.9861137Z Unpacking libwildmidi2:amd64 (0.4.3-1build3) ...
verify	Run npx playwright install --with-deps chromium firefox webkit	2026-10-10T23:47:06.0026532Z Selecting previously unselected package libwoff1:amd64.
verify	Run npx playwright install --with-deps chromium firefox webkit	2026-10-10T23:47:06.0132833Z Preparing to unpack .../169-libwoff1_1.0.2-2build1_amd64.deb ...
verify	Run npx playwright install --with-deps chromium firefox webkit	2026-10-10T23:47:06.0140427Z Unpacking libwoff1:amd64 (1.0.2-2build1) ...
verify	Run npx playwright install --with-deps chromium firefox webkit	2026-10-10T23:47:06.0312331Z Selecting previously unselected package libxcb-xkb1:amd64.
verify	Run npx playwright install --with-deps chromium firefox webkit	2026-10-10T23:47:06.0419201Z Preparing to unpack .../170-libxcb-xkb1_1.15-1ubuntu2_amd64.deb ...
verify	Run npx playwright install --with-deps chromium firefox webkit	2026-10-10T23:47:06.0425292Z Unpacking libxcb-xkb1:amd64 (1.15-1ubuntu2) ...
verify	Run npx playwright install --with-deps chromium firefox webkit	2026-10-10T23:47:06.0589958Z Selecting previously unselected package libxkbcommon-x11-0:amd64.
verify	Run npx playwright install --with-deps chromium firefox webkit	2026-10-10T23:47:06.0695878Z Preparing to unpack .../171-libxkbcommon-x11-0_1.6.0-1build1_amd64.deb ...
verify	Run npx playwright install --with-deps chromium firefox webkit	2026-10-10T23:47:06.0701804Z Unpacking libxkbcommon-x11-0:amd64 (1.6.0-1build1) ...
verify	Run npx playwright install --with-deps chromium firefox webkit	2026-10-10T23:47:06.0881460Z Selecting previously unselected package libzbar0t64:amd64.
verify	Run npx playwright install --with-deps chromium firefox webkit	2026-10-10T23:47:06.0987671Z Preparing to unpack .../172-libzbar0t64_0.23.93-4build3_amd64.deb ...
verify	Run npx playwright install --with-deps chromium firefox webkit	2026-10-10T23:47:06.0993147Z Unpacking libzbar0t64:amd64 (0.23.93-4build3) ...
verify	Run npx playwright install --with-deps chromium firefox webkit	2026-10-10T23:47:06.1174478Z Selecting previously unselected package libzxing3:amd64.
verify	Run npx playwright install --with-deps chromium firefox webkit	2026-10-10T23:47:06.1280307Z Preparing to unpack .../173-libzxing3_2.2.1-3_amd64.deb ...
verify	Run npx playwright install --with-deps chromium firefox webkit	2026-10-10T23:47:06.1286021Z Unpacking libzxing3:amd64 (2.2.1-3) ...
verify	Run npx playwright install --with-deps chromium firefox webkit	2026-10-10T23:47:06.1534478Z Selecting previously unselected package xfonts-encodings.
verify	Run npx playwright install --with-deps chromium firefox webkit	2026-10-10T23:47:06.1641596Z Preparing to unpack .../174-xfonts-encodings_1%3a1.0.5-0ubuntu2_all.deb ...
verify	Run npx playwright install --with-deps chromium firefox webkit	2026-10-10T23:47:06.1646825Z Unpacking xfonts-encodings (1:1.0.5-0ubuntu2) ...
verify	Run npx playwright install --with-deps chromium firefox webkit	2026-10-10T23:47:06.1903449Z Selecting previously unselected package xfonts-utils.
verify	Run npx playwright install --with-deps chromium firefox webkit	2026-10-10T23:47:06.2011192Z Preparing to unpack .../175-xfonts-utils_1%3a7.7+6build3_amd64.deb ...
verify	Run npx playwright install --with-deps chromium firefox webkit	2026-10-10T23:47:06.2320771Z Unpacking xfonts-utils (1:7.7+6build3) ...
verify	Run npx playwright install --with-deps chromium firefox webkit	2026-10-10T23:47:06.2690579Z Selecting previously unselected package xfonts-cyrillic.
verify	Run npx playwright install --with-deps chromium firefox webkit	2026-10-10T23:47:06.2801642Z Preparing to unpack .../176-xfonts-cyrillic_1%3a1.0.5+nmu1_all.deb ...
verify	Run npx playwright install --with-deps chromium firefox webkit	2026-10-10T23:47:06.2808879Z Unpacking xfonts-cyrillic (1:1.0.5+nmu1) ...
verify	Run npx playwright install --with-deps chromium firefox webkit	2026-10-10T23:47:06.3080222Z Selecting previously unselected package xfonts-scalable.
verify	Run npx playwright install --with-deps chromium firefox webkit	2026-10-10T23:47:06.3187642Z Preparing to unpack .../177-xfonts-scalable_1%3a1.0.3-1.3_all.deb ...
verify	Run npx playwright install --with-deps chromium firefox webkit	2026-10-10T23:47:06.3195040Z Unpacking xfonts-scalable (1:1.0.3-1.3) ...
verify	Run npx playwright install --with-deps chromium firefox webkit	2026-10-10T23:47:06.3436227Z Selecting previously unselected package libgstreamer-plugins-bad1.0-0:amd64.
verify	Run npx playwright install --with-deps chromium firefox webkit	2026-10-10T23:47:06.3544841Z Preparing to unpack .../178-libgstreamer-plugins-bad1.0-0_1.24.2-1ubuntu4_amd64.deb ...
verify	Run npx playwright install --with-deps chromium firefox webkit	2026-10-10T23:47:06.3550745Z Unpacking libgstreamer-plugins-bad1.0-0:amd64 (1.24.2-1ubuntu4) ...
verify	Run npx playwright install --with-deps chromium firefox webkit	2026-10-10T23:47:06.3871621Z Selecting previously unselected package libdca0:amd64.
verify	Run npx playwright install --with-deps chromium firefox webkit	2026-10-10T23:47:06.3982380Z Preparing to unpack .../179-libdca0_0.0.7-2build1_amd64.deb ...
verify	Run npx playwright install --with-deps chromium firefox webkit	2026-10-10T23:47:06.3988480Z Unpacking libdca0:amd64 (0.0.7-2build1) ...
verify	Run npx playwright install --with-deps chromium firefox webkit	2026-10-10T23:47:06.4163760Z Selecting previously unselected package libopenal1:amd64.
verify	Run npx playwright install --with-deps chromium firefox webkit	2026-10-10T23:47:06.4273293Z Preparing to unpack .../180-libopenal1_1%3a1.23.1-4build1_amd64.deb ...
verify	Run npx playwright install --with-deps chromium firefox webkit	2026-10-10T23:47:06.4279460Z Unpacking libopenal1:amd64 (1:1.23.1-4build1) ...
verify	Run npx playwright install --with-deps chromium firefox webkit	2026-10-10T23:47:06.4595779Z Selecting previously unselected package libsbc1:amd64.
verify	Run npx playwright install --with-deps chromium firefox webkit	2026-10-10T23:47:06.4703448Z Preparing to unpack .../181-libsbc1_2.0-1build1_amd64.deb ...
verify	Run npx playwright install --with-deps chromium firefox webkit	2026-10-10T23:47:06.4709120Z Unpacking libsbc1:amd64 (2.0-1build1) ...
verify	Run npx playwright install --with-deps chromium firefox webkit	2026-10-10T23:47:06.4875819Z Selecting previously unselected package libvo-aacenc0:amd64.
verify	Run npx playwright install --with-deps chromium firefox webkit	2026-10-10T23:47:06.4981210Z Preparing to unpack .../182-libvo-aacenc0_0.1.3-2build1_amd64.deb ...
verify	Run npx playwright install --with-deps chromium firefox webkit	2026-10-10T23:47:06.4986939Z Unpacking libvo-aacenc0:amd64 (0.1.3-2build1) ...
verify	Run npx playwright install --with-deps chromium firefox webkit	2026-10-10T23:47:06.5154796Z Selecting previously unselected package libvo-amrwbenc0:amd64.
verify	Run npx playwright install --with-deps chromium firefox webkit	2026-10-10T23:47:06.5260157Z Preparing to unpack .../183-libvo-amrwbenc0_0.1.3-2build1_amd64.deb ...
verify	Run npx playwright install --with-deps chromium firefox webkit	2026-10-10T23:47:06.5266037Z Unpacking libvo-amrwbenc0:amd64 (0.1.3-2build1) ...
verify	Run npx playwright install --with-deps chromium firefox webkit	2026-10-10T23:47:06.5430382Z Selecting previously unselected package gstreamer1.0-plugins-bad:amd64.
verify	Run npx playwright install --with-deps chromium firefox webkit	2026-10-10T23:47:06.5535643Z Preparing to unpack .../184-gstreamer1.0-plugins-bad_1.24.2-1ubuntu4_amd64.deb ...
verify	Run npx playwright install --with-deps chromium firefox webkit	2026-10-10T23:47:06.5543234Z Unpacking gstreamer1.0-plugins-bad:amd64 (1.24.2-1ubuntu4) ...
verify	Run npx playwright install --with-deps chromium firefox webkit	2026-10-10T23:47:06.7749323Z Setting up libgme0:amd64 (0.6.3-7build1) ...
verify	Run npx playwright install --with-deps chromium firefox webkit	2026-10-10T23:47:06.7771573Z Setting up libchromaprint1:amd64 (1.5.1-5) ...
verify	Run npx playwright install --with-deps chromium firefox webkit	2026-10-10T23:47:06.7788446Z Setting up libssh-gcrypt-4:amd64 (0.10.6-2ubuntu0.5) ...
verify	Run npx playwright install --with-deps chromium firefox webkit	2026-10-10T23:47:06.7802859Z Setting up libhwy1t64:amd64 (1.0.7-8.1build1) ...
verify	Run npx playwright install --with-deps chromium firefox webkit	2026-10-10T23:47:06.7818690Z Setting up libfreeaptx0:amd64 (0.1.1-2build1) ...
verify	Run npx playwright install --with-deps chromium firefox webkit	2026-10-10T23:47:06.7830819Z Setting up libdvdread8t64:amd64 (6.1.3-1.1build1) ...
verify	Run npx playwright install --with-deps chromium firefox webkit	2026-10-10T23:47:06.7846215Z Setting up libudfread0:amd64 (1.1.2-1build1) ...
verify	Run npx playwright install --with-deps chromium firefox webkit	2026-10-10T23:47:06.7860602Z Setting up libmodplug1:amd64 (1:0.8.9.0-3build1) ...
verify	Run npx playwright install --with-deps chromium firefox webkit	2026-10-10T23:47:06.7874109Z Setting up libcdparanoia0:amd64 (3.10.2+debian-14build3) ...
verify	Run npx playwright install --with-deps chromium firefox webkit	2026-10-10T23:47:06.7888552Z Setting up libwayland-server0:amd64 (1.22.0-2.1build1) ...
verify	Run npx playwright install --with-deps chromium firefox webkit	2026-10-10T23:47:06.7901789Z Setting up libvo-amrwbenc0:amd64 (0.1.3-2build1) ...
verify	Run npx playwright install --with-deps chromium firefox webkit	2026-10-10T23:47:06.7915918Z Setting up session-migration (0.3.9build1) ...
verify	Run npx playwright install --with-deps chromium firefox webkit	2026-10-10T23:47:06.8911265Z Created symlink /etc/systemd/user/graphical-session-pre.target.wants/session-migration.service → /usr/lib/systemd/user/session-migration.service.
verify	Run npx playwright install --with-deps chromium firefox webkit	2026-10-10T23:47:06.8911804Z 
verify	Run npx playwright install --with-deps chromium firefox webkit	2026-10-10T23:47:06.8934609Z Setting up libraw1394-11:amd64 (2.1.2-2build3) ...
verify	Run npx playwright install --with-deps chromium firefox webkit	2026-10-10T23:47:06.8954952Z Setting up libsbc1:amd64 (2.0-1build1) ...
verify	Run npx playwright install --with-deps chromium firefox webkit	2026-10-10T23:47:06.8969459Z Setting up libproxy1v5:amd64 (0.5.4-4build1) ...
verify	Run npx playwright install --with-deps chromium firefox webkit	2026-10-10T23:47:06.8984696Z Setting up libtag1v5-vanilla:amd64 (1.13.1-1build1) ...
verify	Run npx playwright install --with-deps chromium firefox webkit	2026-10-10T23:47:06.8999569Z Setting up libharfbuzz-icu0:amd64 (8.3.0-2build2) ...
verify	Run npx playwright install --with-deps chromium firefox webkit	2026-10-10T23:47:06.9012476Z Setting up libopenni2-0:amd64 (2.2.0.33+dfsg-18) ...
verify	Run npx playwright install --with-deps chromium firefox webkit	2026-10-10T23:47:06.9217580Z Setting up libspeex1:amd64 (1.2.1-2ubuntu2.24.04.1) ...
verify	Run npx playwright install --with-deps chromium firefox webkit	2026-10-10T23:47:06.9230737Z Setting up libshine3:amd64 (3.1.1-2build1) ...
verify	Run npx playwright install --with-deps chromium firefox webkit	2026-10-10T23:47:06.9244586Z Setting up libcaca0:amd64 (0.99.beta20-4ubuntu0.2) ...
verify	Run npx playwright install --with-deps chromium firefox webkit	2026-10-10T23:47:06.9257427Z Setting up libvpl2 (2023.3.0-1build1) ...
verify	Run npx playwright install --with-deps chromium firefox webkit	2026-10-10T23:47:06.9270815Z Setting up libv4lconvert0t64:amd64 (1.26.1-4build3) ...
verify	Run npx playwright install --with-deps chromium firefox webkit	2026-10-10T23:47:06.9287218Z Setting up libx264-164:amd64 (2:0.164.3108+git31e19f9-1) ...
verify	Run npx playwright install --with-deps chromium firefox webkit	2026-10-10T23:47:06.9301736Z Setting up libtwolame0:amd64 (0.4.0-2build3) ...
verify	Run npx playwright install --with-deps chromium firefox webkit	2026-10-10T23:47:06.9314722Z Setting up libmbedcrypto7t64:amd64 (2.28.8-1) ...
verify	Run npx playwright install --with-deps chromium firefox webkit	2026-10-10T23:47:06.9327769Z Setting up libwoff1:amd64 (1.0.2-2build1) ...
verify	Run npx playwright install --with-deps chromium firefox webkit	2026-10-10T23:47:06.9341795Z Setting up liblc3-1:amd64 (1.0.4-3build1) ...
verify	Run npx playwright install --with-deps chromium firefox webkit	2026-10-10T23:47:06.9354509Z Setting up libqrencode4:amd64 (4.1.1-1build2) ...
verify	Run npx playwright install --with-deps chromium firefox webkit	2026-10-10T23:47:06.9368539Z Setting up libhyphen0:amd64 (2.8.8-7build3) ...
verify	Run npx playwright install --with-deps chromium firefox webkit	2026-10-10T23:47:06.9382743Z Setting up libgsm1:amd64 (1.0.22-1build1) ...
verify	Run npx playwright install --with-deps chromium firefox webkit	2026-10-10T23:47:06.9397077Z Setting up libvisual-0.4-0:amd64 (0.4.2-2build1) ...
verify	Run npx playwright install --with-deps chromium firefox webkit	2026-10-10T23:47:06.9409683Z Setting up libsoxr0:amd64 (0.1.3-4build3) ...
verify	Run npx playwright install --with-deps chromium firefox webkit	2026-10-10T23:47:06.9422393Z Setting up libzix-0-0:amd64 (0.4.2-2build1) ...
verify	Run npx playwright install --with-deps chromium firefox webkit	2026-10-10T23:47:06.9435864Z Setting up libcodec2-1.2:amd64 (1.2.0-2build1) ...
verify	Run npx playwright install --with-deps chromium firefox webkit	2026-10-10T23:47:06.9453135Z Setting up libmanette-0.2-0:amd64 (0.2.7-1build2) ...
verify	Run npx playwright install --with-deps chromium firefox webkit	2026-10-10T23:47:06.9466309Z Setting up libsrtp2-1:amd64 (2.5.0-3build1) ...
verify	Run npx playwright install --with-deps chromium firefox webkit	2026-10-10T23:47:06.9482049Z Setting up libmysofa1:amd64 (1.3.2+dfsg-2ubuntu2) ...
verify	Run npx playwright install --with-deps chromium firefox webkit	2026-10-10T23:47:06.9495242Z Setting up libldacbt-enc2:amd64 (2.0.2.3+git20200429+ed310a0-4ubuntu2) ...
verify	Run npx playwright install --with-deps chromium firefox webkit	2026-10-10T23:47:06.9510140Z Setting up fonts-wqy-zenhei (0.9.45-8) ...
verify	Run npx playwright install --with-deps chromium firefox webkit	2026-10-10T23:47:06.9608421Z Setting up libwebrtc-audio-processing1:amd64 (0.3.1-0ubuntu6) ...
verify	Run npx playwright install --with-deps chromium firefox webkit	2026-10-10T23:47:06.9624859Z Setting up fonts-freefont-ttf (20211204+svn4273-2) ...
verify	Run npx playwright install --with-deps chromium firefox webkit	2026-10-10T23:47:06.9638339Z Setting up libevent-2.1-7t64:amd64 (2.1.12-stable-9ubuntu2.2) ...
verify	Run npx playwright install --with-deps chromium firefox webkit	2026-10-10T23:47:06.9651447Z Setting up libsvtav1enc1d1:amd64 (1.7.0+dfsg-2build1) ...
verify	Run npx playwright install --with-deps chromium firefox webkit	2026-10-10T23:47:06.9666242Z Setting up libsoup-3.0-common (3.4.4-5ubuntu0.9) ...
verify	Run npx playwright install --with-deps chromium firefox webkit	2026-10-10T23:47:06.9679689Z Setting up libmpg123-0t64:amd64 (1.32.5-1ubuntu1.1) ...
verify	Run npx playwright install --with-deps chromium firefox webkit	2026-10-10T23:47:06.9692986Z Setting up libcjson1:amd64 (1.7.17-1) ...
verify	Run npx playwright install --with-deps chromium firefox webkit	2026-10-10T23:47:06.9708716Z Setting up libxvidcore4:amd64 (2:1.3.7-1build1) ...
verify	Run npx playwright install --with-deps chromium firefox webkit	2026-10-10T23:47:06.9721692Z Setting up libmpcdec6:amd64 (2:0.1~r495-2build1) ...
verify	Run npx playwright install --with-deps chromium firefox webkit	2026-10-10T23:47:06.9735688Z Setting up libmjpegutils-2.1-0t64:amd64 (1:2.1.0+debian-8.1build1) ...
verify	Run npx playwright install --with-deps chromium firefox webkit	2026-10-10T23:47:06.9749247Z Setting up librav1e0:amd64 (0.7.1-2) ...
verify	Run npx playwright install --with-deps chromium firefox webkit	2026-10-10T23:47:06.9764218Z Setting up liborc-0.4-0t64:amd64 (1:0.4.38-1ubuntu0.1) ...
verify	Run npx playwright install --with-deps chromium firefox webkit	2026-10-10T23:47:06.9779336Z Setting up libxcb-xkb1:amd64 (1.15-1ubuntu2) ...
verify	Run npx playwright install --with-deps chromium firefox webkit	2026-10-10T23:47:06.9792787Z Setting up libvo-aacenc0:amd64 (0.1.3-2build1) ...
verify	Run npx playwright install --with-deps chromium firefox webkit	2026-10-10T23:47:06.9806524Z Setting up librist4:amd64 (0.2.10+dfsg-2) ...
verify	Run npx playwright install --with-deps chromium firefox webkit	2026-10-10T23:47:06.9822941Z Setting up libblas3:amd64 (3.12.0-3build1.1) ...
verify	Run npx playwright install --with-deps chromium firefox webkit	2026-10-10T23:47:06.9873331Z update-alternatives: using /usr/lib/x86_64-linux-gnu/blas/libblas.so.3 to provide /usr/lib/x86_64-linux-gnu/libblas.so.3 (libblas.so.3-x86_64-linux-gnu) in auto mode
verify	Run npx playwright install --with-deps chromium firefox webkit	2026-10-10T23:47:06.9885792Z Setting up libegl-mesa0:amd64 (25.2.8-0ubuntu0.24.04.4) ...
verify	Run npx playwright install --with-deps chromium firefox webkit	2026-10-10T23:47:06.9899907Z Setting up libsoundtouch1:amd64 (2.3.2+ds1-1build1) ...
verify	Run npx playwright install --with-deps chromium firefox webkit	2026-10-10T23:47:06.9913431Z Setting up libplacebo338:amd64 (6.338.2-2build1) ...
verify	Run npx playwright install --with-deps chromium firefox webkit	2026-10-10T23:47:06.9928844Z Setting up libgles2:amd64 (1.7.0-1build1) ...
verify	Run npx playwright install --with-deps chromium firefox webkit	2026-10-10T23:47:06.9942543Z Setting up fonts-tlwg-loma-otf (1:0.7.3-1) ...
verify	Run npx playwright install --with-deps chromium firefox webkit	2026-10-10T23:47:06.9957955Z Setting up libva2:amd64 (2.20.0-2ubuntu0.2) ...
verify	Run npx playwright install --with-deps chromium firefox webkit	2026-10-10T23:47:06.9972364Z Setting up libspa-0.2-modules:amd64 (1.0.5-1ubuntu3.3) ...
verify	Run npx playwright install --with-deps chromium firefox webkit	2026-10-10T23:47:06.9985066Z Setting up libzxing3:amd64 (2.2.1-3) ...
verify	Run npx playwright install --with-deps chromium firefox webkit	2026-10-10T23:47:06.9999536Z Setting up xfonts-encodings (1:1.0.5-0ubuntu2) ...
verify	Run npx playwright install --with-deps chromium firefox webkit	2026-10-10T23:47:07.0013890Z Setting up libopus0:amd64 (1.4-1build1) ...
verify	Run npx playwright install --with-deps chromium firefox webkit	2026-10-10T23:47:07.0027994Z Setting up libfaad2:amd64 (2.11.1-1build1) ...
verify	Run npx playwright install --with-deps chromium firefox webkit	2026-10-10T23:47:07.0042737Z Setting up libxkbcommon-x11-0:amd64 (1.6.0-1build1) ...
verify	Run npx playwright install --with-deps chromium firefox webkit	2026-10-10T23:47:07.0056003Z Setting up libdc1394-25:amd64 (2.2.6-4build1) ...
verify	Run npx playwright install --with-deps chromium firefox webkit	2026-10-10T23:47:07.0074520Z Setting up libpng16-16t64:amd64 (1.6.43-5ubuntu0.7) ...
verify	Run npx playwright install --with-deps chromium firefox webkit	2026-10-10T23:47:07.0091265Z Setting up libimath-3-1-29t64:amd64 (3.1.9-3.1ubuntu2) ...
verify	Run npx playwright install --with-deps chromium firefox webkit	2026-10-10T23:47:07.0104372Z Setting up libunibreak5:amd64 (5.1-2build1) ...
verify	Run npx playwright install --with-deps chromium firefox webkit	2026-10-10T23:47:07.0121435Z Setting up libdv4t64:amd64 (1.0.0-17.1build1) ...
verify	Run npx playwright install --with-deps chromium firefox webkit	2026-10-10T23:47:07.0135566Z Setting up libjxl0.7:amd64 (0.7.0-10.2ubuntu6.1) ...
verify	Run npx playwright install --with-deps chromium firefox webkit	2026-10-10T23:47:07.0149992Z Setting up libopenh264-7:amd64 (2.4.1+dfsg-1) ...
verify	Run npx playwright install --with-deps chromium firefox webkit	2026-10-10T23:47:07.0165223Z Setting up libltc11:amd64 (1.3.2-1build1) ...
verify	Run npx playwright install --with-deps chromium firefox webkit	2026-10-10T23:47:07.0178433Z Setting up libx265-199:amd64 (3.5-2build1) ...
verify	Run npx playwright install --with-deps chromium firefox webkit	2026-10-10T23:47:07.0193263Z Setting up libv4l-0t64:amd64 (1.26.1-4build3) ...
verify	Run npx playwright install --with-deps chromium firefox webkit	2026-10-10T23:47:07.0206306Z Setting up libavtp0:amd64 (0.2.0-1build1) ...
verify	Run npx playwright install --with-deps chromium firefox webkit	2026-10-10T23:47:07.0219825Z Setting up libsndio7.0:amd64 (1.9.0-0.3build3) ...
verify	Run npx playwright install --with-deps chromium firefox webkit	2026-10-10T23:47:07.0234660Z Setting up libdirectfb-1.7-7t64:amd64 (1.7.7-11.1ubuntu2) ...
verify	Run npx playwright install --with-deps chromium firefox webkit	2026-10-10T23:47:07.0248476Z Setting up libspandsp2t64:amd64 (0.0.6+dfsg-2.1build1) ...
verify	Run npx playwright install --with-deps chromium firefox webkit	2026-10-10T23:47:07.0263617Z Setting up libvidstab1.1:amd64 (1.1.0-2build1) ...
verify	Run npx playwright install --with-deps chromium firefox webkit	2026-10-10T23:47:07.0693372Z Setting up libvpx9:amd64 (1.14.0-1ubuntu2.3) ...
verify	Run npx playwright install --with-deps chromium firefox webkit	2026-10-10T23:47:07.0714625Z Setting up libsrt1.5-gnutls:amd64 (1.5.3-1build2) ...
verify	Run npx playwright install --with-deps chromium firefox webkit	2026-10-10T23:47:07.0730035Z Setting up libtag1v5:amd64 (1.13.1-1build1) ...
verify	Run npx playwright install --with-deps chromium firefox webkit	2026-10-10T23:47:07.0744523Z Setting up libflite1:amd64 (2.2-6build3) ...
verify	Run npx playwright install --with-deps chromium firefox webkit	2026-10-10T23:47:07.0759454Z Setting up libdav1d7:amd64 (1.4.1-1build1) ...
verify	Run npx playwright install --with-deps chromium firefox webkit	2026-10-10T23:47:07.0774639Z Setting up libva-drm2:amd64 (2.20.0-2ubuntu0.2) ...
verify	Run npx playwright install --with-deps chromium firefox webkit	2026-10-10T23:47:07.0790202Z Setting up fonts-ipafont-gothic (00303-21ubuntu1) ...
verify	Run npx playwright install --with-deps chromium firefox webkit	2026-10-10T23:47:07.0845729Z update-alternatives: using /usr/share/fonts/opentype/ipafont-gothic/ipag.ttf to provide /usr/share/fonts/truetype/fonts-japanese-gothic.ttf (fonts-japanese-gothic.ttf) in auto mode
verify	Run npx playwright install --with-deps chromium firefox webkit	2026-10-10T23:47:07.0859224Z Setting up ocl-icd-libopencl1:amd64 (2.3.2-1build1) ...
verify	Run npx playwright install --with-deps chromium firefox webkit	2026-10-10T23:47:07.0875778Z Setting up libasyncns0:amd64 (0.8-6build4) ...
verify	Run npx playwright install --with-deps chromium firefox webkit	2026-10-10T23:47:07.0889653Z Setting up libwildmidi2:amd64 (0.4.3-1build3) ...
verify	Run npx playwright install --with-deps chromium firefox webkit	2026-10-10T23:47:07.0904296Z Setting up libvdpau1:amd64 (1.5-2build1) ...
verify	Run npx playwright install --with-deps chromium firefox webkit	2026-10-10T23:47:07.0922532Z Setting up libwavpack1:amd64 (5.6.0-1build1) ...
verify	Run npx playwright install --with-deps chromium firefox webkit	2026-10-10T23:47:07.1037428Z Setting up libbs2b0:amd64 (3.1.0+dfsg-7build1) ...
verify	Run npx playwright install --with-deps chromium firefox webkit	2026-10-10T23:47:07.1052907Z Setting up libtheora0:amd64 (1.1.1+dfsg.1-16.1build3) ...
verify	Run npx playwright install --with-deps chromium firefox webkit	2026-10-10T23:47:07.1073774Z Setting up libegl1:amd64 (1.7.0-1build1) ...
verify	Run npx playwright install --with-deps chromium firefox webkit	2026-10-10T23:47:07.1093181Z Setting up libdecor-0-0:amd64 (0.2.2-1build2) ...
verify	Run npx playwright install --with-deps chromium firefox webkit	2026-10-10T23:47:07.1106897Z Setting up libdca0:amd64 (0.0.7-2build1) ...
verify	Run npx playwright install --with-deps chromium firefox webkit	2026-10-10T23:47:07.1121223Z Setting up libzimg2:amd64 (3.0.5+ds1-1build1) ...
verify	Run npx playwright install --with-deps chromium firefox webkit	2026-10-10T23:47:07.1134206Z Setting up libopenal-data (1:1.23.1-4build1) ...
verify	Run npx playwright install --with-deps chromium firefox webkit	2026-10-10T23:47:07.1153066Z Setting up libabsl20220623t64:amd64 (20220623.1-3.1ubuntu3.2) ...
verify	Run npx playwright install --with-deps chromium firefox webkit	2026-10-10T23:47:07.1165479Z Setting up libflac12t64:amd64 (1.4.3+ds-2.1ubuntu2) ...
verify	Run npx playwright install --with-deps chromium firefox webkit	2026-10-10T23:47:07.1179362Z Setting up libgtk-4-common (4.14.5+ds-0ubuntu0.10) ...
verify	Run npx playwright install --with-deps chromium firefox webkit	2026-10-10T23:47:07.1196260Z Setting up libmpeg2encpp-2.1-0t64:amd64 (1:2.1.0+debian-8.1build1) ...
verify	Run npx playwright install --with-deps chromium firefox webkit	2026-10-10T23:47:07.1211318Z Setting up glib-networking-common (2.80.0-1build1) ...
verify	Run npx playwright install --with-deps chromium firefox webkit	2026-10-10T23:47:07.1225603Z Setting up libmfx1:amd64 (22.5.4-1) ...
verify	Run npx playwright install --with-deps chromium firefox webkit	2026-10-10T23:47:07.1239248Z Setting up libde265-0:amd64 (1.0.15-1ubuntu0.2) ...
verify	Run npx playwright install --with-deps chromium firefox webkit	2026-10-10T23:47:07.1252385Z Setting up libsamplerate0:amd64 (0.2.2-4build1) ...
verify	Run npx playwright install --with-deps chromium firefox webkit	2026-10-10T23:47:07.1267115Z Setting up timgm6mb-soundfont (1.3-5) ...
verify	Run npx playwright install --with-deps chromium firefox webkit	2026-10-10T23:47:07.1335434Z update-alternatives: using /usr/share/sounds/sf2/TimGM6mb.sf2 to provide /usr/share/sounds/sf2/default-GM.sf2 (default-GM.sf2) in auto mode
verify	Run npx playwright install --with-deps chromium firefox webkit	2026-10-10T23:47:07.1372346Z update-alternatives: using /usr/share/sounds/sf2/TimGM6mb.sf2 to provide /usr/share/sounds/sf3/default-GM.sf3 (default-GM.sf3) in auto mode
verify	Run npx playwright install --with-deps chromium firefox webkit	2026-10-10T23:47:07.1385036Z Setting up libva-x11-2:amd64 (2.20.0-2ubuntu0.2) ...
verify	Run npx playwright install --with-deps chromium firefox webkit	2026-10-10T23:47:07.1400840Z Setting up libyuv0:amd64 (0.0~git202401110.af6ac82-1) ...
verify	Run npx playwright install --with-deps chromium firefox webkit	2026-10-10T23:47:07.1413893Z Setting up libmplex2-2.1-0t64:amd64 (1:2.1.0+debian-8.1build1) ...
verify	Run npx playwright install --with-deps chromium firefox webkit	2026-10-10T23:47:07.1428182Z Setting up libpipewire-0.3-0t64:amd64 (1.0.5-1ubuntu3.3) ...
verify	Run npx playwright install --with-deps chromium firefox webkit	2026-10-10T23:47:07.1440817Z Setting up libxml2:amd64 (2.9.14+dfsg-1.3ubuntu3.10) ...
verify	Run npx playwright install --with-deps chromium firefox webkit	2026-10-10T23:47:07.1455292Z Setting up libopenmpt0t64:amd64 (0.7.3-1.1build3) ...
verify	Run npx playwright install --with-deps chromium firefox webkit	2026-10-10T23:47:07.1469335Z Setting up libzvbi-common (0.2.42-2) ...
verify	Run npx playwright install --with-deps chromium firefox webkit	2026-10-10T23:47:07.1482682Z Setting up libsecret-common (0.21.4-1build3) ...
verify	Run npx playwright install --with-deps chromium firefox webkit	2026-10-10T23:47:07.1497391Z Setting up libmp3lame0:amd64 (3.100-6build1) ...
verify	Run npx playwright install --with-deps chromium firefox webkit	2026-10-10T23:47:07.1509955Z Setting up libgraphene-1.0-0:amd64 (1.10.8-3build2) ...
verify	Run npx playwright install --with-deps chromium firefox webkit	2026-10-10T23:47:07.1522877Z Setting up libvorbisenc2:amd64 (1.3.7-1build3) ...
verify	Run npx playwright install --with-deps chromium firefox webkit	2026-10-10T23:47:07.1538194Z Setting up libdvdnav4:amd64 (6.1.1-3build1) ...
verify	Run npx playwright install --with-deps chromium firefox webkit	2026-10-10T23:47:07.1550867Z Setting up fonts-unifont (1:15.1.01-1build1) ...
verify	Run npx playwright install --with-deps chromium firefox webkit	2026-10-10T23:47:07.1564842Z Setting up libaa1:amd64 (1.4p5-51.1) ...
verify	Run npx playwright install --with-deps chromium firefox webkit	2026-10-10T23:47:07.1578121Z Setting up libiec61883-0:amd64 (1.2.0-6build1) ...
verify	Run npx playwright install --with-deps chromium firefox webkit	2026-10-10T23:47:07.1591608Z Setting up libserd-0-0:amd64 (0.32.2-1) ...
verify	Run npx playwright install --with-deps chromium firefox webkit	2026-10-10T23:47:07.1606792Z Setting up libavc1394-0:amd64 (0.5.4-5build3) ...
verify	Run npx playwright install --with-deps chromium firefox webkit	2026-10-10T23:47:07.1619630Z Setting up gsettings-desktop-schemas (46.1-0ubuntu1) ...
verify	Run npx playwright install --with-deps chromium firefox webkit	2026-10-10T23:47:07.1634261Z Setting up glib-networking-services (2.80.0-1build1) ...
verify	Run npx playwright install --with-deps chromium firefox webkit	2026-10-10T23:47:07.1649553Z Setting up liblapack3:amd64 (3.12.0-3build1.1) ...
verify	Run npx playwright install --with-deps chromium firefox webkit	2026-10-10T23:47:07.1699487Z update-alternatives: using /usr/lib/x86_64-linux-gnu/lapack/liblapack.so.3 to provide /usr/lib/x86_64-linux-gnu/liblapack.so.3 (liblapack.so.3-x86_64-linux-gnu) in auto mode
verify	Run npx playwright install --with-deps chromium firefox webkit	2026-10-10T23:47:07.1712364Z Setting up libneon27t64:amd64 (0.33.0-1.1build3) ...
verify	Run npx playwright install --with-deps chromium firefox webkit	2026-10-10T23:47:07.1725750Z Setting up libzvbi0t64:amd64 (0.2.42-2) ...
verify	Run npx playwright install --with-deps chromium firefox webkit	2026-10-10T23:47:07.1740056Z Setting up libraptor2-0:amd64 (2.0.16-3ubuntu0.1) ...
verify	Run npx playwright install --with-deps chromium firefox webkit	2026-10-10T23:47:07.1759335Z Setting up libzbar0t64:amd64 (0.23.93-4build3) ...
verify	Run npx playwright install --with-deps chromium firefox webkit	2026-10-10T23:47:07.1772305Z Setting up libgstreamer-plugins-base1.0-0:amd64 (1.24.2-1ubuntu0.5) ...
verify	Run npx playwright install --with-deps chromium firefox webkit	2026-10-10T23:47:07.1796384Z Setting up libavutil58:amd64 (7:6.1.1-3ubuntu5) ...
verify	Run npx playwright install --with-deps chromium firefox webkit	2026-10-10T23:47:07.1844960Z Setting up libopenal1:amd64 (1:1.23.1-4build1) ...
verify	Run npx playwright install --with-deps chromium firefox webkit	2026-10-10T23:47:07.1858836Z Setting up librsvg2-2:amd64 (2.58.0+dfsg-1ubuntu0.1) ...
verify	Run npx playwright install --with-deps chromium firefox webkit	2026-10-10T23:47:07.1873592Z Setting up libxml2-dev:amd64 (2.9.14+dfsg-1.3ubuntu3.10) ...
verify	Run npx playwright install --with-deps chromium firefox webkit	2026-10-10T23:47:07.1888437Z Setting up libsecret-1-0:amd64 (0.21.4-1build3) ...
verify	Run npx playwright install --with-deps chromium firefox webkit	2026-10-10T23:47:07.1902945Z Setting up libgstreamer-plugins-good1.0-0:amd64 (1.24.2-1ubuntu1.8) ...
verify	Run npx playwright install --with-deps chromium firefox webkit	2026-10-10T23:47:07.1918108Z Setting up libgstreamer-gl1.0-0:amd64 (1.24.2-1ubuntu0.5) ...
verify	Run npx playwright install --with-deps chromium firefox webkit	2026-10-10T23:47:07.1931222Z Setting up gstreamer1.0-plugins-base:amd64 (1.24.2-1ubuntu0.5) ...
verify	Run npx playwright install --with-deps chromium firefox webkit	2026-10-10T23:47:07.1945720Z Setting up libfreetype6:amd64 (2.13.2+dfsg-1ubuntu0.2) ...
verify	Run npx playwright install --with-deps chromium firefox webkit	2026-10-10T23:47:07.1962274Z Setting up libswresample4:amd64 (7:6.1.1-3ubuntu5) ...
verify	Run npx playwright install --with-deps chromium firefox webkit	2026-10-10T23:47:07.1976436Z Setting up libopenexr-3-1-30:amd64 (3.1.5-5.1build3) ...
verify	Run npx playwright install --with-deps chromium firefox webkit	2026-10-10T23:47:07.1991575Z Setting up libshout3:amd64 (2.4.6-1build2) ...
verify	Run npx playwright install --with-deps chromium firefox webkit	2026-10-10T23:47:07.2007252Z Setting up libgav1-1:amd64 (0.18.0-1build3) ...
verify	Run npx playwright install --with-deps chromium firefox webkit	2026-10-10T23:47:07.2025343Z Setting up libavcodec60:amd64 (7:6.1.1-3ubuntu5) ...
verify	Run npx playwright install --with-deps chromium firefox webkit	2026-10-10T23:47:07.2041173Z Setting up librubberband2:amd64 (3.3.0+dfsg-2build1) ...
verify	Run npx playwright install --with-deps chromium firefox webkit	2026-10-10T23:47:07.2057287Z Setting up libjack-jackd2-0:amd64 (1.9.21~dfsg-3ubuntu3) ...
verify	Run npx playwright install --with-deps chromium firefox webkit	2026-10-10T23:47:07.2073951Z Setting up libsord-0-0:amd64 (0.16.16-2build1) ...
verify	Run npx playwright install --with-deps chromium firefox webkit	2026-10-10T23:47:07.2088324Z Setting up libpostproc57:amd64 (7:6.1.1-3ubuntu5) ...
verify	Run npx playwright install --with-deps chromium firefox webkit	2026-10-10T23:47:07.2102744Z Setting up libsratom-0-0:amd64 (0.6.16-1build1) ...
verify	Run npx playwright install --with-deps chromium firefox webkit	2026-10-10T23:47:07.2118582Z Setting up libsndfile1:amd64 (1.2.2-1ubuntu5.24.04.1) ...
verify	Run npx playwright install --with-deps chromium firefox webkit	2026-10-10T23:47:07.2132126Z Setting up libbluray2:amd64 (1:1.3.4-1build1) ...
verify	Run npx playwright install --with-deps chromium firefox webkit	2026-10-10T23:47:07.2145755Z Setting up liblilv-0-0:amd64 (0.24.22-1build1) ...
verify	Run npx playwright install --with-deps chromium firefox webkit	2026-10-10T23:47:07.2161985Z Setting up libinstpatch-1.0-2:amd64 (1.1.6-1build2) ...
verify	Run npx playwright install --with-deps chromium firefox webkit	2026-10-10T23:47:07.2177256Z Setting up libswscale7:amd64 (7:6.1.1-3ubuntu5) ...
verify	Run npx playwright install --with-deps chromium firefox webkit	2026-10-10T23:47:07.2192443Z Setting up libcairo-script-interpreter2:amd64 (1.18.0-3build1) ...
verify	Run npx playwright install --with-deps chromium firefox webkit	2026-10-10T23:47:07.2209772Z Setting up libavif16:amd64 (1.0.4-1ubuntu3) ...
verify	Run npx playwright install --with-deps chromium firefox webkit	2026-10-10T23:47:07.2224664Z Setting up libpulse0:amd64 (1:16.1+dfsg1-2ubuntu10.1) ...
verify	Run npx playwright install --with-deps chromium firefox webkit	2026-10-10T23:47:07.2281708Z Setting up liblrdf0:amd64 (0.6.1-4build1) ...
verify	Run npx playwright install --with-deps chromium firefox webkit	2026-10-10T23:47:07.2298447Z Setting up libavformat60:amd64 (7:6.1.1-3ubuntu5) ...
verify	Run npx playwright install --with-deps chromium firefox webkit	2026-10-10T23:47:07.2721120Z Setting up xfonts-utils (1:7.7+6build3) ...
verify	Run npx playwright install --with-deps chromium firefox webkit	2026-10-10T23:47:07.2760661Z Setting up libsphinxbase3t64:amd64 (0.8+5prealpha+1-17build2) ...
verify	Run npx playwright install --with-deps chromium firefox webkit	2026-10-10T23:47:07.2778421Z Setting up libass9:amd64 (1:0.17.1-2build1) ...
verify	Run npx playwright install --with-deps chromium firefox webkit	2026-10-10T23:47:07.2796342Z Setting up xfonts-cyrillic (1:1.0.5+nmu1) ...
verify	Run npx playwright install --with-deps chromium firefox webkit	2026-10-10T23:47:07.3037852Z Setting up libsdl2-2.0-0:amd64 (2.30.0+dfsg-1ubuntu3.1) ...
verify	Run npx playwright install --with-deps chromium firefox webkit	2026-10-10T23:47:07.3052830Z Setting up xfonts-scalable (1:1.0.3-1.3) ...
verify	Run npx playwright install --with-deps chromium firefox webkit	2026-10-10T23:47:07.3280540Z Setting up libfluidsynth3:amd64 (2.3.4-1build3) ...
verify	Run npx playwright install --with-deps chromium firefox webkit	2026-10-10T23:47:07.3294988Z Setting up libpocketsphinx3:amd64 (0.8.0+real5prealpha+1-15ubuntu5) ...
verify	Run npx playwright install --with-deps chromium firefox webkit	2026-10-10T23:47:07.3495477Z Setting up libavfilter9:amd64 (7:6.1.1-3ubuntu5) ...
verify	Run npx playwright install --with-deps chromium firefox webkit	2026-10-10T23:47:07.3509106Z Setting up gstreamer1.0-libav:amd64 (1.24.1-1build1) ...
verify	Run npx playwright install --with-deps chromium firefox webkit	2026-10-10T23:47:07.3722910Z Processing triggers for fontconfig (2.15.0-1.1ubuntu2) ...
verify	Run npx playwright install --with-deps chromium firefox webkit	2026-10-10T23:47:07.4349777Z Processing triggers for libc-bin (2.39-0ubuntu8.9) ...
verify	Run npx playwright install --with-deps chromium firefox webkit	2026-10-10T23:47:07.5930743Z Processing triggers for man-db (2.12.0-4build2) ...
verify	Run npx playwright install --with-deps chromium firefox webkit	2026-10-10T23:47:07.5948271Z Not building database; man-db/auto-update is not 'true'.
verify	Run npx playwright install --with-deps chromium firefox webkit	2026-10-10T23:47:07.5969510Z Processing triggers for libglib2.0-0t64:amd64 (2.80.0-6ubuntu3.9) ...
verify	Run npx playwright install --with-deps chromium firefox webkit	2026-10-10T23:47:07.6607988Z Setting up libgtk-4-1:amd64 (4.14.5+ds-0ubuntu0.10) ...
verify	Run npx playwright install --with-deps chromium firefox webkit	2026-10-10T23:47:07.7147783Z Setting up glib-networking:amd64 (2.80.0-1build1) ...
verify	Run npx playwright install --with-deps chromium firefox webkit	2026-10-10T23:47:07.7179311Z Setting up libsoup-3.0-0:amd64 (3.4.4-5ubuntu0.9) ...
verify	Run npx playwright install --with-deps chromium firefox webkit	2026-10-10T23:47:07.7202791Z Setting up libgssdp-1.6-0:amd64 (1.6.3-1build3) ...
verify	Run npx playwright install --with-deps chromium firefox webkit	2026-10-10T23:47:07.7264318Z Setting up gstreamer1.0-plugins-good:amd64 (1.24.2-1ubuntu1.8) ...
verify	Run npx playwright install --with-deps chromium firefox webkit	2026-10-10T23:47:07.7285422Z Setting up libgupnp-1.6-0:amd64 (1.6.6-1build3) ...
verify	Run npx playwright install --with-deps chromium firefox webkit	2026-10-10T23:47:07.7345639Z Setting up libgupnp-igd-1.6-0:amd64 (1.6.0-3build3) ...
verify	Run npx playwright install --with-deps chromium firefox webkit	2026-10-10T23:47:07.7373873Z Setting up libnice10:amd64 (0.1.21-2build3) ...
verify	Run npx playwright install --with-deps chromium firefox webkit	2026-10-10T23:47:07.7469507Z Setting up libgstreamer-plugins-bad1.0-0:amd64 (1.24.2-1ubuntu4) ...
verify	Run npx playwright install --with-deps chromium firefox webkit	2026-10-10T23:47:07.7507487Z Setting up gstreamer1.0-plugins-bad:amd64 (1.24.2-1ubuntu4) ...
verify	Run npx playwright install --with-deps chromium firefox webkit	2026-10-10T23:47:07.7529321Z Processing triggers for libc-bin (2.39-0ubuntu8.9) ...
verify	Run npx playwright install --with-deps chromium firefox webkit	2026-10-10T23:47:08.2659408Z 
verify	Run npx playwright install --with-deps chromium firefox webkit	2026-10-10T23:47:08.2660030Z Running kernel seems to be up-to-date.
verify	Run npx playwright install --with-deps chromium firefox webkit	2026-10-10T23:47:08.2660378Z 
verify	Run npx playwright install --with-deps chromium firefox webkit	2026-10-10T23:47:08.2660525Z Restarting services...
verify	Run npx playwright install --with-deps chromium firefox webkit	2026-10-10T23:47:08.2801238Z  systemctl restart packagekit.service php8.3-fpm.service
verify	Run npx playwright install --with-deps chromium firefox webkit	2026-10-10T23:47:08.3807985Z 
verify	Run npx playwright install --with-deps chromium firefox webkit	2026-10-10T23:47:08.3809702Z No containers need to be restarted.
verify	Run npx playwright install --with-deps chromium firefox webkit	2026-10-10T23:47:08.3809929Z 
verify	Run npx playwright install --with-deps chromium firefox webkit	2026-10-10T23:47:08.3810170Z No user sessions are running outdated binaries.
verify	Run npx playwright install --with-deps chromium firefox webkit	2026-10-10T23:47:08.3810425Z 
verify	Run npx playwright install --with-deps chromium firefox webkit	2026-10-10T23:47:08.3810809Z No VM guests are running outdated hypervisor (qemu) binaries on this host.
verify	Run npx playwright install --with-deps chromium firefox webkit	2026-10-10T23:47:09.1753020Z Downloading Chrome for Testing 153.0.8010.12 (playwright chromium v1243) from https://cdn.playwright.dev/builds/cft/153.0.8010.12/linux64/chrome-linux64.zip
verify	Run npx playwright install --with-deps chromium firefox webkit	2026-10-10T23:47:09.5667877Z |                                                                                |   0% of 186.8 MiB
verify	Run npx playwright install --with-deps chromium firefox webkit	2026-10-10T23:47:09.9089930Z |■■■■■■■■                                                                        |  10% of 186.8 MiB
verify	Run npx playwright install --with-deps chromium firefox webkit	2026-10-10T23:47:09.9869391Z |■■■■■■■■■■■■■■■■                                                                |  20% of 186.8 MiB
verify	Run npx playwright install --with-deps chromium firefox webkit	2026-10-10T23:47:10.0847409Z |■■■■■■■■■■■■■■■■■■■■■■■■                                                        |  30% of 186.8 MiB
verify	Run npx playwright install --with-deps chromium firefox webkit	2026-10-10T23:47:10.1746465Z |■■■■■■■■■■■■■■■■■■■■■■■■■■■■■■■■                                                |  40% of 186.8 MiB
verify	Run npx playwright install --with-deps chromium firefox webkit	2026-10-10T23:47:10.2680224Z |■■■■■■■■■■■■■■■■■■■■■■■■■■■■■■■■■■■■■■■■                                        |  50% of 186.8 MiB
verify	Run npx playwright install --with-deps chromium firefox webkit	2026-10-10T23:47:10.3691896Z |■■■■■■■■■■■■■■■■■■■■■■■■■■■■■■■■■■■■■■■■■■■■■■■■                                |  60% of 186.8 MiB
verify	Run npx playwright install --with-deps chromium firefox webkit	2026-10-10T23:47:10.4557293Z |■■■■■■■■■■■■■■■■■■■■■■■■■■■■■■■■■■■■■■■■■■■■■■■■■■■■■■■■                        |  70% of 186.8 MiB
verify	Run npx playwright install --with-deps chromium firefox webkit	2026-10-10T23:47:10.5427371Z |■■■■■■■■■■■■■■■■■■■■■■■■■■■■■■■■■■■■■■■■■■■■■■■■■■■■■■■■■■■■■■■■                |  80% of 186.8 MiB
verify	Run npx playwright install --with-deps chromium firefox webkit	2026-10-10T23:47:10.6275138Z |■■■■■■■■■■■■■■■■■■■■■■■■■■■■■■■■■■■■■■■■■■■■■■■■■■■■■■■■■■■■■■■■■■■■■■■■        |  90% of 186.8 MiB
verify	Run npx playwright install --with-deps chromium firefox webkit	2026-10-10T23:47:10.7278374Z |■■■■■■■■■■■■■■■■■■■■■■■■■■■■■■■■■■■■■■■■■■■■■■■■■■■■■■■■■■■■■■■■■■■■■■■■■■■■■■■■| 100% of 186.8 MiB
verify	Run npx playwright install --with-deps chromium firefox webkit	2026-10-10T23:47:13.1183684Z Chrome for Testing 153.0.8010.12 (playwright chromium v1243) downloaded to /home/runner/.cache/ms-playwright/chromium-1243
verify	Run npx playwright install --with-deps chromium firefox webkit	2026-10-10T23:47:13.1187203Z Downloading FFmpeg (playwright ffmpeg v1011) from https://cdn.playwright.dev/dbazure/download/playwright/builds/ffmpeg/1011/ffmpeg-linux.zip
verify	Run npx playwright install --with-deps chromium firefox webkit	2026-10-10T23:47:13.4108339Z |                                                                                |   0% of 2.3 MiB
verify	Run npx playwright install --with-deps chromium firefox webkit	2026-10-10T23:47:13.4303322Z |■■■■■■■■                                                                        |  10% of 2.3 MiB
verify	Run npx playwright install --with-deps chromium firefox webkit	2026-10-10T23:47:13.4383755Z |■■■■■■■■■■■■■■■■                                                                |  20% of 2.3 MiB
verify	Run npx playwright install --with-deps chromium firefox webkit	2026-10-10T23:47:13.4458741Z |■■■■■■■■■■■■■■■■■■■■■■■■                                                        |  30% of 2.3 MiB
verify	Run npx playwright install --with-deps chromium firefox webkit	2026-10-10T23:47:13.4527508Z |■■■■■■■■■■■■■■■■■■■■■■■■■■■■■■■■                                                |  40% of 2.3 MiB
verify	Run npx playwright install --with-deps chromium firefox webkit	2026-10-10T23:47:13.4544713Z |■■■■■■■■■■■■■■■■■■■■■■■■■■■■■■■■■■■■■■■■                                        |  50% of 2.3 MiB
verify	Run npx playwright install --with-deps chromium firefox webkit	2026-10-10T23:47:13.4602892Z |■■■■■■■■■■■■■■■■■■■■■■■■■■■■■■■■■■■■■■■■■■■■■■■■                                |  60% of 2.3 MiB
verify	Run npx playwright install --with-deps chromium firefox webkit	2026-10-10T23:47:13.4614332Z |■■■■■■■■■■■■■■■■■■■■■■■■■■■■■■■■■■■■■■■■■■■■■■■■■■■■■■■■                        |  70% of 2.3 MiB
verify	Run npx playwright install --with-deps chromium firefox webkit	2026-10-10T23:47:13.4634134Z |■■■■■■■■■■■■■■■■■■■■■■■■■■■■■■■■■■■■■■■■■■■■■■■■■■■■■■■■■■■■■■■■                |  80% of 2.3 MiB
verify	Run npx playwright install --with-deps chromium firefox webkit	2026-10-10T23:47:13.4690712Z |■■■■■■■■■■■■■■■■■■■■■■■■■■■■■■■■■■■■■■■■■■■■■■■■■■■■■■■■■■■■■■■■■■■■■■■■        |  90% of 2.3 MiB
verify	Run npx playwright install --with-deps chromium firefox webkit	2026-10-10T23:47:13.4694869Z |■■■■■■■■■■■■■■■■■■■■■■■■■■■■■■■■■■■■■■■■■■■■■■■■■■■■■■■■■■■■■■■■■■■■■■■■■■■■■■■■| 100% of 2.3 MiB
verify	Run npx playwright install --with-deps chromium firefox webkit	2026-10-10T23:47:13.5154484Z FFmpeg (playwright ffmpeg v1011) downloaded to /home/runner/.cache/ms-playwright/ffmpeg-1011
verify	Run npx playwright install --with-deps chromium firefox webkit	2026-10-10T23:47:13.5157430Z Downloading Chrome Headless Shell 153.0.8010.12 (playwright chromium-headless-shell v1243) from https://cdn.playwright.dev/builds/cft/153.0.8010.12/linux64/chrome-headless-shell-linux64.zip
verify	Run npx playwright install --with-deps chromium firefox webkit	2026-10-10T23:47:13.9038619Z |                                                                                |   0% of 114.3 MiB
verify	Run npx playwright install --with-deps chromium firefox webkit	2026-10-10T23:47:14.1827797Z |■■■■■■■■                                                                        |  10% of 114.3 MiB
verify	Run npx playwright install --with-deps chromium firefox webkit	2026-10-10T23:47:14.2355368Z |■■■■■■■■■■■■■■■■                                                                |  20% of 114.3 MiB
verify	Run npx playwright install --with-deps chromium firefox webkit	2026-10-10T23:47:14.2976092Z |■■■■■■■■■■■■■■■■■■■■■■■■                                                        |  30% of 114.3 MiB
verify	Run npx playwright install --with-deps chromium firefox webkit	2026-10-10T23:47:14.3498328Z |■■■■■■■■■■■■■■■■■■■■■■■■■■■■■■■■                                                |  40% of 114.3 MiB
verify	Run npx playwright install --with-deps chromium firefox webkit	2026-10-10T23:47:14.3991091Z |■■■■■■■■■■■■■■■■■■■■■■■■■■■■■■■■■■■■■■■■                                        |  50% of 114.3 MiB
verify	Run npx playwright install --with-deps chromium firefox webkit	2026-10-10T23:47:14.4510568Z |■■■■■■■■■■■■■■■■■■■■■■■■■■■■■■■■■■■■■■■■■■■■■■■■                                |  60% of 114.3 MiB
verify	Run npx playwright install --with-deps chromium firefox webkit	2026-10-10T23:47:14.5196403Z |■■■■■■■■■■■■■■■■■■■■■■■■■■■■■■■■■■■■■■■■■■■■■■■■■■■■■■■■                        |  70% of 114.3 MiB
verify	Run npx playwright install --with-deps chromium firefox webkit	2026-10-10T23:47:14.5565425Z |■■■■■■■■■■■■■■■■■■■■■■■■■■■■■■■■■■■■■■■■■■■■■■■■■■■■■■■■■■■■■■■■                |  80% of 114.3 MiB
verify	Run npx playwright install --with-deps chromium firefox webkit	2026-10-10T23:47:14.6108195Z |■■■■■■■■■■■■■■■■■■■■■■■■■■■■■■■■■■■■■■■■■■■■■■■■■■■■■■■■■■■■■■■■■■■■■■■■        |  90% of 114.3 MiB
verify	Run npx playwright install --with-deps chromium firefox webkit	2026-10-10T23:47:14.6765600Z |■■■■■■■■■■■■■■■■■■■■■■■■■■■■■■■■■■■■■■■■■■■■■■■■■■■■■■■■■■■■■■■■■■■■■■■■■■■■■■■■| 100% of 114.3 MiB
verify	Run npx playwright install --with-deps chromium firefox webkit	2026-10-10T23:47:16.4001197Z Chrome Headless Shell 153.0.8010.12 (playwright chromium-headless-shell v1243) downloaded to /home/runner/.cache/ms-playwright/chromium_headless_shell-1243
verify	Run npx playwright install --with-deps chromium firefox webkit	2026-10-10T23:47:16.4003509Z Downloading Firefox 155.0 (playwright firefox v1543) from https://cdn.playwright.dev/dbazure/download/playwright/builds/firefox/1543/firefox-ubuntu-24.04.zip
verify	Run npx playwright install --with-deps chromium firefox webkit	2026-10-10T23:47:16.6902443Z |                                                                                |   0% of 109.5 MiB
verify	Run npx playwright install --with-deps chromium firefox webkit	2026-10-10T23:47:16.7497828Z |■■■■■■■■                                                                        |  10% of 109.5 MiB
verify	Run npx playwright install --with-deps chromium firefox webkit	2026-10-10T23:47:16.8087242Z |■■■■■■■■■■■■■■■■                                                                |  20% of 109.5 MiB
verify	Run npx playwright install --with-deps chromium firefox webkit	2026-10-10T23:47:16.8461686Z |■■■■■■■■■■■■■■■■■■■■■■■■                                                        |  30% of 109.5 MiB
verify	Run npx playwright install --with-deps chromium firefox webkit	2026-10-10T23:47:16.8883674Z |■■■■■■■■■■■■■■■■■■■■■■■■■■■■■■■■                                                |  40% of 109.5 MiB
verify	Run npx playwright install --with-deps chromium firefox webkit	2026-10-10T23:47:16.9354377Z |■■■■■■■■■■■■■■■■■■■■■■■■■■■■■■■■■■■■■■■■                                        |  50% of 109.5 MiB
verify	Run npx playwright install --with-deps chromium firefox webkit	2026-10-10T23:47:16.9607850Z |■■■■■■■■■■■■■■■■■■■■■■■■■■■■■■■■■■■■■■■■■■■■■■■■                                |  60% of 109.5 MiB
verify	Run npx playwright install --with-deps chromium firefox webkit	2026-10-10T23:47:16.9863905Z |■■■■■■■■■■■■■■■■■■■■■■■■■■■■■■■■■■■■■■■■■■■■■■■■■■■■■■■■                        |  70% of 109.5 MiB
verify	Run npx playwright install --with-deps chromium firefox webkit	2026-10-10T23:47:17.0281618Z |■■■■■■■■■■■■■■■■■■■■■■■■■■■■■■■■■■■■■■■■■■■■■■■■■■■■■■■■■■■■■■■■                |  80% of 109.5 MiB
verify	Run npx playwright install --with-deps chromium firefox webkit	2026-10-10T23:47:17.0541656Z |■■■■■■■■■■■■■■■■■■■■■■■■■■■■■■■■■■■■■■■■■■■■■■■■■■■■■■■■■■■■■■■■■■■■■■■■        |  90% of 109.5 MiB
verify	Run npx playwright install --with-deps chromium firefox webkit	2026-10-10T23:47:17.0782831Z |■■■■■■■■■■■■■■■■■■■■■■■■■■■■■■■■■■■■■■■■■■■■■■■■■■■■■■■■■■■■■■■■■■■■■■■■■■■■■■■■| 100% of 109.5 MiB
verify	Run npx playwright install --with-deps chromium firefox webkit	2026-10-10T23:47:18.7079138Z Firefox 155.0 (playwright firefox v1543) downloaded to /home/runner/.cache/ms-playwright/firefox-1543
verify	Run npx playwright install --with-deps chromium firefox webkit	2026-10-10T23:47:18.7082005Z Downloading WebKit 26.6 (playwright webkit v2359) from https://cdn.playwright.dev/dbazure/download/playwright/builds/webkit/2359/webkit-ubuntu-24.04.zip
verify	Run npx playwright install --with-deps chromium firefox webkit	2026-10-10T23:47:18.9733724Z |                                                                                |   0% of 102.3 MiB
verify	Run npx playwright install --with-deps chromium firefox webkit	2026-10-10T23:47:19.0234053Z |■■■■■■■■                                                                        |  10% of 102.3 MiB
verify	Run npx playwright install --with-deps chromium firefox webkit	2026-10-10T23:47:19.0717123Z |■■■■■■■■■■■■■■■■                                                                |  20% of 102.3 MiB
verify	Run npx playwright install --with-deps chromium firefox webkit	2026-10-10T23:47:19.1037484Z |■■■■■■■■■■■■■■■■■■■■■■■■                                                        |  30% of 102.3 MiB
verify	Run npx playwright install --with-deps chromium firefox webkit	2026-10-10T23:47:19.1389467Z |■■■■■■■■■■■■■■■■■■■■■■■■■■■■■■■■                                                |  40% of 102.3 MiB
verify	Run npx playwright install --with-deps chromium firefox webkit	2026-10-10T23:47:19.1869821Z |■■■■■■■■■■■■■■■■■■■■■■■■■■■■■■■■■■■■■■■■                                        |  50% of 102.3 MiB
verify	Run npx playwright install --with-deps chromium firefox webkit	2026-10-10T23:47:19.2113291Z |■■■■■■■■■■■■■■■■■■■■■■■■■■■■■■■■■■■■■■■■■■■■■■■■                                |  60% of 102.3 MiB
verify	Run npx playwright install --with-deps chromium firefox webkit	2026-10-10T23:47:19.2385447Z |■■■■■■■■■■■■■■■■■■■■■■■■■■■■■■■■■■■■■■■■■■■■■■■■■■■■■■■■                        |  70% of 102.3 MiB
verify	Run npx playwright install --with-deps chromium firefox webkit	2026-10-10T23:47:19.2824328Z |■■■■■■■■■■■■■■■■■■■■■■■■■■■■■■■■■■■■■■■■■■■■■■■■■■■■■■■■■■■■■■■■                |  80% of 102.3 MiB
verify	Run npx playwright install --with-deps chromium firefox webkit	2026-10-10T23:47:19.3111014Z |■■■■■■■■■■■■■■■■■■■■■■■■■■■■■■■■■■■■■■■■■■■■■■■■■■■■■■■■■■■■■■■■■■■■■■■■        |  90% of 102.3 MiB
verify	Run npx playwright install --with-deps chromium firefox webkit	2026-10-10T23:47:19.3380116Z |■■■■■■■■■■■■■■■■■■■■■■■■■■■■■■■■■■■■■■■■■■■■■■■■■■■■■■■■■■■■■■■■■■■■■■■■■■■■■■■■| 100% of 102.3 MiB
verify	Run npx playwright install --with-deps chromium firefox webkit	2026-10-10T23:47:20.9119637Z WebKit 26.6 (playwright webkit v2359) downloaded to /home/runner/.cache/ms-playwright/webkit-2359
verify	Select sandboxed browser runtime	﻿2026-10-10T23:47:21.1832741Z ##[group]Run node --input-type=module -e "import { chromium } from 'playwright'; const p=chromium.executablePath(); console.log('PLAYWRIGHT_CHROME_PATH='+p); console.log('SCOPELEDGER_CHROME_PATH='+p)" >> "$GITHUB_ENV"
verify	Select sandboxed browser runtime	2026-10-10T23:47:21.1833880Z ^[[36;1mnode --input-type=module -e "import { chromium } from 'playwright'; const p=chromium.executablePath(); console.log('PLAYWRIGHT_CHROME_PATH='+p); console.log('SCOPELEDGER_CHROME_PATH='+p)" >> "$GITHUB_ENV"^[[0m
verify	Select sandboxed browser runtime	2026-10-10T23:47:21.1888763Z shell: /usr/bin/bash -e {0}
verify	Select sandboxed browser runtime	2026-10-10T23:47:21.1888987Z ##[endgroup]
verify	Run npm run test:local-browser	﻿2026-10-10T23:47:21.4596999Z ##[group]Run npm run test:local-browser
verify	Run npm run test:local-browser	2026-10-10T23:47:21.4597286Z ^[[36;1mnpm run test:local-browser^[[0m
verify	Run npm run test:local-browser	2026-10-10T23:47:21.4652266Z shell: /usr/bin/bash -e {0}
verify	Run npm run test:local-browser	2026-10-10T23:47:21.4652482Z env:
verify	Run npm run test:local-browser	2026-10-10T23:47:21.4652817Z   PLAYWRIGHT_CHROME_PATH: /home/runner/.cache/ms-playwright/chromium-1243/chrome-linux64/chrome
verify	Run npm run test:local-browser	2026-10-10T23:47:21.4653332Z   SCOPELEDGER_CHROME_PATH: /home/runner/.cache/ms-playwright/chromium-1243/chrome-linux64/chrome
verify	Run npm run test:local-browser	2026-10-10T23:47:21.4653685Z ##[endgroup]
verify	Run npm run test:local-browser	2026-10-10T23:47:21.5437978Z 
verify	Run npm run test:local-browser	2026-10-10T23:47:21.5438520Z > scopeledger-core@1.0.0 test:local-browser
verify	Run npm run test:local-browser	2026-10-10T23:47:21.5438997Z > playwright test --config playwright.local.config.ts
verify	Run npm run test:local-browser	2026-10-10T23:47:21.5439205Z 
verify	Run npm run test:local-browser	2026-10-10T23:47:22.6338344Z 
verify	Run npm run test:local-browser	2026-10-10T23:47:22.6339066Z Running 60 tests using 1 worker
verify	Run npm run test:local-browser	2026-10-10T23:47:22.6339482Z 
verify	Run npm run test:local-browser	2026-10-10T23:48:23.4321304Z   ✘   1 [chromium] › tests/local-browser/activation.spec.ts:23:1 › a generated Individual key authorizes extra projects and one genuine guarded PDF job (1.0m)
verify	Run npm run test:local-browser	2026-10-10T23:48:26.3241886Z   ✓   2 [chromium] › tests/local-browser/activation.spec.ts:98:1 › Agency allocation permits five independent browsers, rejects the sixth, and frees only the releasing device (2.4s)
verify	Run npm run test:local-browser	2026-10-10T23:48:28.1739199Z   ✓   3 [chromium] › tests/local-browser/document-switch-storage.spec.ts:112:1 › tax edits update inclusive totals, retain the last valid basis while typing, and respect custom amounts (1.8s)
verify	Run npm run test:local-browser	2026-10-10T23:48:30.9715792Z   ✓   4 [chromium] › tests/local-browser/document-switch-storage.spec.ts:145:1 › guided brief/invoice switching keeps independent drafts and the selected document through export and Back (2.8s)
verify	Run npm run test:local-browser	2026-10-10T23:48:36.7388359Z   ✓   5 [chromium] › tests/local-browser/document-switch-storage.spec.ts:212:1 › switching to invoice cannot bypass approval and fits responsive layouts in both themes (5.8s)
verify	Run npm run test:local-browser	2026-10-10T23:48:44.5564547Z   ✓   6 [chromium] › tests/local-browser/document-switch-storage.spec.ts:273:1 › real PNG, JPEG, WebP, GIF, AVIF and BMP uploads normalize safely, including a 2 MiB source (7.8s)
verify	Run npm run test:local-browser	2026-10-10T23:48:47.5975757Z   ✓   7 [chromium] › tests/local-browser/document-switch-storage.spec.ts:332:1 › compact encrypted backups restore exact document images, and storage retention is an explicit choice (3.0s)
verify	Run npm run test:local-browser	2026-10-10T23:48:50.9673295Z   ✓   8 [chromium] › tests/local-browser/encrypted-backup.spec.ts:26:1 › encrypted backup protects exported copy, rejects a wrong passphrase, and restores only after confirmation (3.4s)
verify	Run npm run test:local-browser	2026-10-10T23:48:59.2135683Z   ✓   9 [chromium] › tests/local-browser/encrypted-backup.spec.ts:85:1 › backup controls and explicit JSON choice stay usable at narrow widths in both themes (8.2s)
verify	Run npm run test:local-browser	2026-10-10T23:49:01.4831462Z   ✓  10 [chromium] › tests/local-browser/fee-delivery-options.spec.ts:77:1 › workspace identity opens settings and a newly uploaded logo updates both workspace avatars (2.3s)
verify	Run npm run test:local-browser	2026-10-10T23:50:01.6491718Z   ✘  11 [chromium] › tests/local-browser/fee-delivery-options.spec.ts:102:1 › inclusive fees, additional days and document choices survive reload and a real brief PDF export (1.0m)
verify	Run npm run test:local-browser	2026-10-10T23:51:02.3928443Z   ✘  12 [chromium] › tests/local-browser/fee-delivery-options.spec.ts:196:1 › an invoice keeps the approved inclusive total, shows delivery timing and exports without platform attribution (1.0m)
verify	Run npm run test:local-browser	2026-10-10T23:51:15.0339067Z   ✓  13 [chromium] › tests/local-browser/fee-delivery-options.spec.ts:234:1 › fee and document controls fit mobile, tablet and desktop widths in both themes (12.0s)
verify	Run npm run test:local-browser	2026-10-10T23:51:33.1408927Z   ✘  14 [chromium] › tests/local-browser/production.spec.ts:16:1 › built pages retain working theme, menus and document previews under CSP (18.0s)
verify	Run npm run test:local-browser	2026-10-10T23:51:37.0809671Z   ✓  15 [chromium] › tests/local-browser/production.spec.ts:73:1 › browser Back and Forward restore the selected local project and handle unavailable links honestly (3.4s)
verify	Run npm run test:local-browser	2026-10-10T23:51:38.8246837Z   ✓  16 [chromium] › tests/local-browser/production.spec.ts:101:1 › search opens a specific request and client, while settings expose durable defaults and capacity (1.7s)
verify	Run npm run test:local-browser	2026-10-10T23:51:40.7715380Z   ✓  17 [chromium] › tests/local-browser/production.spec.ts:128:1 › activation and release refresh another tab from the server without altering its workspace (1.9s)
verify	Run npm run test:local-browser	2026-10-10T23:51:55.5232715Z   ✓  18 [chromium] › tests/local-browser/production.spec.ts:154:1 › a core settings edit at capacity preserves the prior saved value and remains recoverable (14.7s)
verify	Run npm run test:local-browser	2026-10-10T23:51:56.5047352Z   ✓  19 [chromium] › tests/local-browser/security.spec.ts:5:1 › hostile owner text remains inert in workspace and document previews (960ms)
verify	Run npm run test:local-browser	2026-10-10T23:51:56.5721363Z   ✓  20 [chromium] › tests/local-browser/security.spec.ts:52:1 › a copied session cannot authorize another device or a modified device cookie (59ms)
verify	Run npm run test:local-browser	2026-10-10T23:52:57.9142623Z   ✘  21 [firefox] › tests/local-browser/activation.spec.ts:23:1 › a generated Individual key authorizes extra projects and one genuine guarded PDF job (1.0m)
verify	Run npm run test:local-browser	2026-10-10T23:53:01.9034230Z   ✓  22 [firefox] › tests/local-browser/activation.spec.ts:98:1 › Agency allocation permits five independent browsers, rejects the sixth, and frees only the releasing device (3.2s)
verify	Run npm run test:local-browser	2026-10-10T23:53:03.7606405Z   ✓  23 [firefox] › tests/local-browser/document-switch-storage.spec.ts:112:1 › tax edits update inclusive totals, retain the last valid basis while typing, and respect custom amounts (1.8s)
verify	Run npm run test:local-browser	2026-10-10T23:53:06.4463045Z   ✓  24 [firefox] › tests/local-browser/document-switch-storage.spec.ts:145:1 › guided brief/invoice switching keeps independent drafts and the selected document through export and Back (2.7s)
verify	Run npm run test:local-browser	2026-10-10T23:53:12.5026323Z   ✓  25 [firefox] › tests/local-browser/document-switch-storage.spec.ts:212:1 › switching to invoice cannot bypass approval and fits responsive layouts in both themes (6.0s)
verify	Run npm run test:local-browser	2026-10-10T23:53:20.2034108Z   ✓  26 [firefox] › tests/local-browser/document-switch-storage.spec.ts:273:1 › real PNG, JPEG, WebP, GIF, AVIF and BMP uploads normalize safely, including a 2 MiB source (7.7s)
verify	Run npm run test:local-browser	2026-10-10T23:53:23.6945450Z   ✓  27 [firefox] › tests/local-browser/document-switch-storage.spec.ts:332:1 › compact encrypted backups restore exact document images, and storage retention is an explicit choice (3.5s)
verify	Run npm run test:local-browser	2026-10-10T23:53:27.6591779Z   ✓  28 [firefox] › tests/local-browser/encrypted-backup.spec.ts:26:1 › encrypted backup protects exported copy, rejects a wrong passphrase, and restores only after confirmation (4.0s)
verify	Run npm run test:local-browser	2026-10-10T23:53:37.3349360Z   ✓  29 [firefox] › tests/local-browser/encrypted-backup.spec.ts:85:1 › backup controls and explicit JSON choice stay usable at narrow widths in both themes (9.7s)
verify	Run npm run test:local-browser	2026-10-10T23:53:39.0625406Z   ✓  30 [firefox] › tests/local-browser/fee-delivery-options.spec.ts:77:1 › workspace identity opens settings and a newly uploaded logo updates both workspace avatars (1.7s)
verify	Run npm run test:local-browser	2026-10-10T23:54:39.5358715Z   ✘  31 [firefox] › tests/local-browser/fee-delivery-options.spec.ts:102:1 › inclusive fees, additional days and document choices survive reload and a real brief PDF export (1.0m)
verify	Run npm run test:local-browser	2026-10-10T23:55:40.6989431Z   ✘  32 [firefox] › tests/local-browser/fee-delivery-options.spec.ts:196:1 › an invoice keeps the approved inclusive total, shows delivery timing and exports without platform attribution (1.0m)
verify	Run npm run test:local-browser	2026-10-10T23:55:55.8859476Z   ✓  33 [firefox] › tests/local-browser/fee-delivery-options.spec.ts:234:1 › fee and document controls fit mobile, tablet and desktop widths in both themes (14.5s)
verify	Run npm run test:local-browser	2026-10-10T23:56:15.2496955Z   ✘  34 [firefox] › tests/local-browser/production.spec.ts:16:1 › built pages retain working theme, menus and document previews under CSP (19.1s)
verify	Run npm run test:local-browser	2026-10-10T23:56:20.9931169Z   ✓  35 [firefox] › tests/local-browser/production.spec.ts:73:1 › browser Back and Forward restore the selected local project and handle unavailable links honestly (5.0s)
verify	Run npm run test:local-browser	2026-10-10T23:56:23.7017536Z   ✓  36 [firefox] › tests/local-browser/production.spec.ts:101:1 › search opens a specific request and client, while settings expose durable defaults and capacity (2.7s)
verify	Run npm run test:local-browser	2026-10-10T23:56:25.9297067Z   ✓  37 [firefox] › tests/local-browser/production.spec.ts:128:1 › activation and release refresh another tab from the server without altering its workspace (2.2s)
verify	Run npm run test:local-browser	2026-10-10T23:56:37.9798291Z   ✓  38 [firefox] › tests/local-browser/production.spec.ts:154:1 › a core settings edit at capacity preserves the prior saved value and remains recoverable (12.0s)
verify	Run npm run test:local-browser	2026-10-10T23:56:38.9614241Z   ✓  39 [firefox] › tests/local-browser/security.spec.ts:5:1 › hostile owner text remains inert in workspace and document previews (967ms)
verify	Run npm run test:local-browser	2026-10-10T23:56:39.0142237Z   ✓  40 [firefox] › tests/local-browser/security.spec.ts:52:1 › a copied session cannot authorize another device or a modified device cookie (45ms)
verify	Run npm run test:local-browser	2026-10-10T23:57:40.7891450Z   ✘  41 [webkit] › tests/local-browser/activation.spec.ts:23:1 › a generated Individual key authorizes extra projects and one genuine guarded PDF job (1.0m)
verify	Run npm run test:local-browser	2026-10-10T23:57:44.8310839Z   ✓  42 [webkit] › tests/local-browser/activation.spec.ts:98:1 › Agency allocation permits five independent browsers, rejects the sixth, and frees only the releasing device (3.6s)
verify	Run npm run test:local-browser	2026-10-10T23:57:48.3261591Z   ✓  43 [webkit] › tests/local-browser/document-switch-storage.spec.ts:112:1 › tax edits update inclusive totals, retain the last valid basis while typing, and respect custom amounts (3.4s)
verify	Run npm run test:local-browser	2026-10-10T23:57:53.6964495Z   ✓  44 [webkit] › tests/local-browser/document-switch-storage.spec.ts:145:1 › guided brief/invoice switching keeps independent drafts and the selected document through export and Back (5.4s)
verify	Run npm run test:local-browser	2026-10-10T23:58:01.6592272Z   ✓  45 [webkit] › tests/local-browser/document-switch-storage.spec.ts:212:1 › switching to invoice cannot bypass approval and fits responsive layouts in both themes (8.0s)
verify	Run npm run test:local-browser	2026-10-10T23:58:10.3941502Z   ✓  46 [webkit] › tests/local-browser/document-switch-storage.spec.ts:273:1 › real PNG, JPEG, WebP, GIF, AVIF and BMP uploads normalize safely, including a 2 MiB source (8.7s)
verify	Run npm run test:local-browser	2026-10-10T23:58:16.0146509Z   ✓  47 [webkit] › tests/local-browser/document-switch-storage.spec.ts:332:1 › compact encrypted backups restore exact document images, and storage retention is an explicit choice (5.6s)
verify	Run npm run test:local-browser	2026-10-10T23:58:21.1117673Z   ✓  48 [webkit] › tests/local-browser/encrypted-backup.spec.ts:26:1 › encrypted backup protects exported copy, rejects a wrong passphrase, and restores only after confirmation (5.1s)
verify	Run npm run test:local-browser	2026-10-10T23:58:32.5316540Z   ✓  49 [webkit] › tests/local-browser/encrypted-backup.spec.ts:85:1 › backup controls and explicit JSON choice stay usable at narrow widths in both themes (11.4s)
verify	Run npm run test:local-browser	2026-10-10T23:58:35.9584933Z   ✓  50 [webkit] › tests/local-browser/fee-delivery-options.spec.ts:77:1 › workspace identity opens settings and a newly uploaded logo updates both workspace avatars (3.4s)
verify	Run npm run test:local-browser	2026-10-10T23:59:36.2195778Z   ✘  51 [webkit] › tests/local-browser/fee-delivery-options.spec.ts:102:1 › inclusive fees, additional days and document choices survive reload and a real brief PDF export (1.0m)
verify	Run npm run test:local-browser	2026-10-11T00:00:36.9454415Z   ✘  52 [webkit] › tests/local-browser/fee-delivery-options.spec.ts:196:1 › an invoice keeps the approved inclusive total, shows delivery timing and exports without platform attribution (1.0m)
verify	Run npm run test:local-browser	2026-10-11T00:00:52.6729454Z   ✓  53 [webkit] › tests/local-browser/fee-delivery-options.spec.ts:234:1 › fee and document controls fit mobile, tablet and desktop widths in both themes (15.2s)
verify	Run npm run test:local-browser	2026-10-11T00:01:14.2493557Z   ✘  54 [webkit] › tests/local-browser/production.spec.ts:16:1 › built pages retain working theme, menus and document previews under CSP (21.5s)
verify	Run npm run test:local-browser	2026-10-11T00:01:19.3294145Z   ✓  55 [webkit] › tests/local-browser/production.spec.ts:73:1 › browser Back and Forward restore the selected local project and handle unavailable links honestly (4.6s)
verify	Run npm run test:local-browser	2026-10-11T00:01:22.5999562Z   ✓  56 [webkit] › tests/local-browser/production.spec.ts:101:1 › search opens a specific request and client, while settings expose durable defaults and capacity (3.3s)
verify	Run npm run test:local-browser	2026-10-11T00:01:26.0507242Z   ✓  57 [webkit] › tests/local-browser/production.spec.ts:128:1 › activation and release refresh another tab from the server without altering its workspace (3.4s)
verify	Run npm run test:local-browser	2026-10-11T00:01:36.2517253Z   ✓  58 [webkit] › tests/local-browser/production.spec.ts:154:1 › a core settings edit at capacity preserves the prior saved value and remains recoverable (10.2s)
verify	Run npm run test:local-browser	2026-10-11T00:01:37.6195598Z   ✓  59 [webkit] › tests/local-browser/security.spec.ts:5:1 › hostile owner text remains inert in workspace and document previews (1.4s)
verify	Run npm run test:local-browser	2026-10-11T00:01:37.8305111Z   ✓  60 [webkit] › tests/local-browser/security.spec.ts:52:1 › a copied session cannot authorize another device or a modified device cookie (200ms)
verify	Run npm run test:local-browser	2026-10-11T00:01:37.8785293Z 
verify	Run npm run test:local-browser	2026-10-11T00:01:37.8790417Z 
verify	Run npm run test:local-browser	2026-10-11T00:01:37.8798615Z   1) [chromium] › tests/local-browser/activation.spec.ts:23:1 › a generated Individual key authorizes extra projects and one genuine guarded PDF job 
verify	Run npm run test:local-browser	2026-10-11T00:01:37.8799176Z 
verify	Run npm run test:local-browser	2026-10-11T00:01:37.8799297Z     Test timeout of 60000ms exceeded.
verify	Run npm run test:local-browser	2026-10-11T00:01:37.8799455Z 
verify	Run npm run test:local-browser	2026-10-11T00:01:37.8799629Z     Error: page.waitForEvent: Test timeout of 60000ms exceeded.
verify	Run npm run test:local-browser	2026-10-11T00:01:37.8800183Z     =========================== logs ===========================
verify	Run npm run test:local-browser	2026-10-11T00:01:37.8800559Z     waiting for event "download"
verify	Run npm run test:local-browser	2026-10-11T00:01:37.8800907Z     ============================================================
verify	Run npm run test:local-browser	2026-10-11T00:01:37.8801152Z 
verify	Run npm run test:local-browser	2026-10-11T00:01:37.8801366Z       53 |       if (r.url().endsWith('/api/pdf')) requests++;
verify	Run npm run test:local-browser	2026-10-11T00:01:37.8801990Z       54 |     });
verify	Run npm run test:local-browser	2026-10-11T00:01:37.8802235Z     > 55 |     const downloading = page.waitForEvent('download');
verify	Run npm run test:local-browser	2026-10-11T00:01:37.8802517Z          |                              ^
verify	Run npm run test:local-browser	2026-10-11T00:01:37.8802905Z       56 |     await page.getByRole('button', { name: 'Export PDF', exact: true }).evaluate((button) => {
verify	Run npm run test:local-browser	2026-10-11T00:01:37.8803470Z       57 |       (button as HTMLButtonElement).click();
verify	Run npm run test:local-browser	2026-10-11T00:01:37.8803906Z       58 |       (button as HTMLButtonElement).click();
verify	Run npm run test:local-browser	2026-10-11T00:01:37.8804541Z         at /home/runner/work/scopeledger/scopeledger/tests/local-browser/activation.spec.ts:55:30
verify	Run npm run test:local-browser	2026-10-11T00:01:37.8804992Z 
verify	Run npm run test:local-browser	2026-10-11T00:01:37.8805531Z     attachment #1: screenshot (image/png) ──────────────────────────────────────────────────────────
verify	Run npm run test:local-browser	2026-10-11T00:01:37.8806329Z     test-results/local-browser/activation-a-generated-Ind-c1bcc-one-genuine-guarded-PDF-job-chromium/test-failed-1.png
verify	Run npm run test:local-browser	2026-10-11T00:01:37.8807526Z     ────────────────────────────────────────────────────────────────────────────────────────────────
verify	Run npm run test:local-browser	2026-10-11T00:01:37.8807882Z 
verify	Run npm run test:local-browser	2026-10-11T00:01:37.8808529Z     Error Context: test-results/local-browser/activation-a-generated-Ind-c1bcc-one-genuine-guarded-PDF-job-chromium/error-context.md
verify	Run npm run test:local-browser	2026-10-11T00:01:37.8809204Z 
verify	Run npm run test:local-browser	2026-10-11T00:01:37.8810116Z   2) [chromium] › tests/local-browser/fee-delivery-options.spec.ts:102:1 › inclusive fees, additional days and document choices survive reload and a real brief PDF export 
verify	Run npm run test:local-browser	2026-10-11T00:01:37.8810849Z 
verify	Run npm run test:local-browser	2026-10-11T00:01:37.8810996Z     Test timeout of 60000ms exceeded.
verify	Run npm run test:local-browser	2026-10-11T00:01:37.8811135Z 
verify	Run npm run test:local-browser	2026-10-11T00:01:37.8811296Z     Error: page.waitForEvent: Test timeout of 60000ms exceeded.
verify	Run npm run test:local-browser	2026-10-11T00:01:37.8811618Z     =========================== logs ===========================
verify	Run npm run test:local-browser	2026-10-11T00:01:37.8811869Z     waiting for event "download"
verify	Run npm run test:local-browser	2026-10-11T00:01:37.8812155Z     ============================================================
verify	Run npm run test:local-browser	2026-10-11T00:01:37.8812384Z 
verify	Run npm run test:local-browser	2026-10-11T00:01:37.8812730Z       170 |       if (request.url().endsWith('/api/pdf')) payload = request.postDataJSON();
verify	Run npm run test:local-browser	2026-10-11T00:01:37.8813215Z       171 |     });
verify	Run npm run test:local-browser	2026-10-11T00:01:37.8813582Z     > 172 |     const downloading = page.waitForEvent('download');
verify	Run npm run test:local-browser	2026-10-11T00:01:37.8814004Z           |                              ^
verify	Run npm run test:local-browser	2026-10-11T00:01:37.8814461Z       173 |     await page.getByRole('button', { name: 'Download PDF', exact: true }).click();
verify	Run npm run test:local-browser	2026-10-11T00:01:37.8814828Z       174 |     const download = await downloading;
verify	Run npm run test:local-browser	2026-10-11T00:01:37.8815118Z       175 |     await mkdir(output, { recursive: true });
verify	Run npm run test:local-browser	2026-10-11T00:01:37.8815584Z         at /home/runner/work/scopeledger/scopeledger/tests/local-browser/fee-delivery-options.spec.ts:172:30
verify	Run npm run test:local-browser	2026-10-11T00:01:37.8816092Z 
verify	Run npm run test:local-browser	2026-10-11T00:01:37.8816430Z     attachment #1: screenshot (image/png) ──────────────────────────────────────────────────────────
verify	Run npm run test:local-browser	2026-10-11T00:01:37.8817491Z     test-results/local-browser/fee-delivery-options-inclu-dfc21-and-a-real-brief-PDF-export-chromium/test-failed-1.png
verify	Run npm run test:local-browser	2026-10-11T00:01:37.8818654Z     ────────────────────────────────────────────────────────────────────────────────────────────────
verify	Run npm run test:local-browser	2026-10-11T00:01:37.8818988Z 
verify	Run npm run test:local-browser	2026-10-11T00:01:37.8819602Z     Error Context: test-results/local-browser/fee-delivery-options-inclu-dfc21-and-a-real-brief-PDF-export-chromium/error-context.md
verify	Run npm run test:local-browser	2026-10-11T00:01:37.8820204Z 
verify	Run npm run test:local-browser	2026-10-11T00:01:37.8821137Z   3) [chromium] › tests/local-browser/fee-delivery-options.spec.ts:196:1 › an invoice keeps the approved inclusive total, shows delivery timing and exports without platform attribution 
verify	Run npm run test:local-browser	2026-10-11T00:01:37.8821914Z 
verify	Run npm run test:local-browser	2026-10-11T00:01:37.8822061Z     Test timeout of 60000ms exceeded.
verify	Run npm run test:local-browser	2026-10-11T00:01:37.8822288Z 
verify	Run npm run test:local-browser	2026-10-11T00:01:37.8822516Z     Error: page.waitForEvent: Test timeout of 60000ms exceeded.
verify	Run npm run test:local-browser	2026-10-11T00:01:37.8822975Z     =========================== logs ===========================
verify	Run npm run test:local-browser	2026-10-11T00:01:37.8823369Z     waiting for event "download"
verify	Run npm run test:local-browser	2026-10-11T00:01:37.8823727Z     ============================================================
verify	Run npm run test:local-browser	2026-10-11T00:01:37.8823973Z 
verify	Run npm run test:local-browser	2026-10-11T00:01:37.8824243Z       219 |     await expect(frame.locator('body')).toContainText('2028-03-01');
verify	Run npm run test:local-browser	2026-10-11T00:01:37.8824861Z       220 |     await expect(frame.locator('body')).not.toContainText('Prepared with');
verify	Run npm run test:local-browser	2026-10-11T00:01:37.8825458Z     > 221 |     const downloading = page.waitForEvent('download');
verify	Run npm run test:local-browser	2026-10-11T00:01:37.8825882Z           |                              ^
verify	Run npm run test:local-browser	2026-10-11T00:01:37.8826446Z       222 |     await page.getByRole('button', { name: 'Download PDF', exact: true }).click();
verify	Run npm run test:local-browser	2026-10-11T00:01:37.8827062Z       223 |     await mkdir(output, { recursive: true });
verify	Run npm run test:local-browser	2026-10-11T00:01:37.8827627Z       224 |     await (await downloading).saveAs(resolve(output, `${info.project.name}-inclusive-invoice.pdf`));
verify	Run npm run test:local-browser	2026-10-11T00:01:37.8828223Z         at /home/runner/work/scopeledger/scopeledger/tests/local-browser/fee-delivery-options.spec.ts:221:30
verify	Run npm run test:local-browser	2026-10-11T00:01:37.8828528Z 
verify	Run npm run test:local-browser	2026-10-11T00:01:37.8828860Z     attachment #1: screenshot (image/png) ──────────────────────────────────────────────────────────
verify	Run npm run test:local-browser	2026-10-11T00:01:37.8829475Z     test-results/local-browser/fee-delivery-options-an-in-c5f9d-ithout-platform-attribution-chromium/test-failed-1.png
verify	Run npm run test:local-browser	2026-10-11T00:01:37.8830125Z     ────────────────────────────────────────────────────────────────────────────────────────────────
verify	Run npm run test:local-browser	2026-10-11T00:01:37.8830339Z 
verify	Run npm run test:local-browser	2026-10-11T00:01:37.8830725Z     Error Context: test-results/local-browser/fee-delivery-options-an-in-c5f9d-ithout-platform-attribution-chromium/error-context.md
verify	Run npm run test:local-browser	2026-10-11T00:01:37.8831118Z 
verify	Run npm run test:local-browser	2026-10-11T00:01:37.8831554Z   4) [chromium] › tests/local-browser/production.spec.ts:16:1 › built pages retain working theme, menus and document previews under CSP 
verify	Run npm run test:local-browser	2026-10-11T00:01:37.8832077Z 
verify	Run npm run test:local-browser	2026-10-11T00:01:37.8832230Z     Error: expect(received).toBe(expected) // Object.is equality
verify	Run npm run test:local-browser	2026-10-11T00:01:37.8832423Z 
verify	Run npm run test:local-browser	2026-10-11T00:01:37.8832497Z     Expected: 200
verify	Run npm run test:local-browser	2026-10-11T00:01:37.8832659Z     Received: 503
verify	Run npm run test:local-browser	2026-10-11T00:01:37.8832758Z 
verify	Run npm run test:local-browser	2026-10-11T00:01:37.8832827Z       62 |   }
verify	Run npm run test:local-browser	2026-10-11T00:01:37.8833092Z       63 |   const ready = await request.get(`${localApp.origin}/api/ready`);
verify	Run npm run test:local-browser	2026-10-11T00:01:37.8833572Z     > 64 |   expect(ready.status()).toBe(200);
verify	Run npm run test:local-browser	2026-10-11T00:01:37.8833944Z          |                          ^
verify	Run npm run test:local-browser	2026-10-11T00:01:37.8834232Z       65 |   expect(await ready.json()).toMatchObject({
verify	Run npm run test:local-browser	2026-10-11T00:01:37.8834481Z       66 |     status: 'ready',
verify	Run npm run test:local-browser	2026-10-11T00:01:37.8834693Z       67 |     purchasesEnabled: false,
verify	Run npm run test:local-browser	2026-10-11T00:01:37.8835076Z         at /home/runner/work/scopeledger/scopeledger/tests/local-browser/production.spec.ts:64:26
verify	Run npm run test:local-browser	2026-10-11T00:01:37.8835461Z 
verify	Run npm run test:local-browser	2026-10-11T00:01:37.8835953Z     attachment #1: screenshot (image/png) ──────────────────────────────────────────────────────────
verify	Run npm run test:local-browser	2026-10-11T00:01:37.8837028Z     test-results/local-browser/production-built-pages-ret-e6a64-document-previews-under-CSP-chromium/test-failed-1.png
verify	Run npm run test:local-browser	2026-10-11T00:01:37.8838060Z     ────────────────────────────────────────────────────────────────────────────────────────────────
verify	Run npm run test:local-browser	2026-10-11T00:01:37.8838612Z 
verify	Run npm run test:local-browser	2026-10-11T00:01:37.8839210Z     Error Context: test-results/local-browser/production-built-pages-ret-e6a64-document-previews-under-CSP-chromium/error-context.md
verify	Run npm run test:local-browser	2026-10-11T00:01:37.8839889Z 
verify	Run npm run test:local-browser	2026-10-11T00:01:37.8840717Z   5) [firefox] › tests/local-browser/activation.spec.ts:23:1 › a generated Individual key authorizes extra projects and one genuine guarded PDF job 
verify	Run npm run test:local-browser	2026-10-11T00:01:37.8841124Z 
verify	Run npm run test:local-browser	2026-10-11T00:01:37.8841228Z     Test timeout of 60000ms exceeded.
verify	Run npm run test:local-browser	2026-10-11T00:01:37.8841372Z 
verify	Run npm run test:local-browser	2026-10-11T00:01:37.8841598Z     Error: page.waitForEvent: Test timeout of 60000ms exceeded.
verify	Run npm run test:local-browser	2026-10-11T00:01:37.8842097Z     =========================== logs ===========================
verify	Run npm run test:local-browser	2026-10-11T00:01:37.8842494Z     waiting for event "download"
verify	Run npm run test:local-browser	2026-10-11T00:01:37.8842764Z     ============================================================
verify	Run npm run test:local-browser	2026-10-11T00:01:37.8843007Z 
verify	Run npm run test:local-browser	2026-10-11T00:01:37.8843220Z       53 |       if (r.url().endsWith('/api/pdf')) requests++;
verify	Run npm run test:local-browser	2026-10-11T00:01:37.8843566Z       54 |     });
verify	Run npm run test:local-browser	2026-10-11T00:01:37.8843798Z     > 55 |     const downloading = page.waitForEvent('download');
verify	Run npm run test:local-browser	2026-10-11T00:01:37.8844118Z          |                              ^
verify	Run npm run test:local-browser	2026-10-11T00:01:37.8844643Z       56 |     await page.getByRole('button', { name: 'Export PDF', exact: true }).evaluate((button) => {
verify	Run npm run test:local-browser	2026-10-11T00:01:37.8845029Z       57 |       (button as HTMLButtonElement).click();
verify	Run npm run test:local-browser	2026-10-11T00:01:37.8845307Z       58 |       (button as HTMLButtonElement).click();
verify	Run npm run test:local-browser	2026-10-11T00:01:37.8845706Z         at /home/runner/work/scopeledger/scopeledger/tests/local-browser/activation.spec.ts:55:30
verify	Run npm run test:local-browser	2026-10-11T00:01:37.8845995Z 
verify	Run npm run test:local-browser	2026-10-11T00:01:37.8846458Z     attachment #1: screenshot (image/png) ──────────────────────────────────────────────────────────
verify	Run npm run test:local-browser	2026-10-11T00:01:37.8847302Z     test-results/local-browser/activation-a-generated-Ind-c1bcc-one-genuine-guarded-PDF-job-firefox/test-failed-1.png
verify	Run npm run test:local-browser	2026-10-11T00:01:37.8847967Z     ────────────────────────────────────────────────────────────────────────────────────────────────
verify	Run npm run test:local-browser	2026-10-11T00:01:37.8848186Z 
verify	Run npm run test:local-browser	2026-10-11T00:01:37.8848572Z     Error Context: test-results/local-browser/activation-a-generated-Ind-c1bcc-one-genuine-guarded-PDF-job-firefox/error-context.md
verify	Run npm run test:local-browser	2026-10-11T00:01:37.8849110Z 
verify	Run npm run test:local-browser	2026-10-11T00:01:37.8849839Z   6) [firefox] › tests/local-browser/fee-delivery-options.spec.ts:102:1 › inclusive fees, additional days and document choices survive reload and a real brief PDF export 
verify	Run npm run test:local-browser	2026-10-11T00:01:37.8850299Z 
verify	Run npm run test:local-browser	2026-10-11T00:01:37.8850405Z     Test timeout of 60000ms exceeded.
verify	Run npm run test:local-browser	2026-10-11T00:01:37.8850544Z 
verify	Run npm run test:local-browser	2026-10-11T00:01:37.8850702Z     Error: page.waitForEvent: Test timeout of 60000ms exceeded.
verify	Run npm run test:local-browser	2026-10-11T00:01:37.8851136Z     =========================== logs ===========================
verify	Run npm run test:local-browser	2026-10-11T00:01:37.8851382Z     waiting for event "download"
verify	Run npm run test:local-browser	2026-10-11T00:01:37.8851766Z     ============================================================
verify	Run npm run test:local-browser	2026-10-11T00:01:37.8852003Z 
verify	Run npm run test:local-browser	2026-10-11T00:01:37.8852495Z       170 |       if (request.url().endsWith('/api/pdf')) payload = request.postDataJSON();
verify	Run npm run test:local-browser	2026-10-11T00:01:37.8852897Z       171 |     });
verify	Run npm run test:local-browser	2026-10-11T00:01:37.8853137Z     > 172 |     const downloading = page.waitForEvent('download');
verify	Run npm run test:local-browser	2026-10-11T00:01:37.8853456Z           |                              ^
verify	Run npm run test:local-browser	2026-10-11T00:01:37.8853857Z       173 |     await page.getByRole('button', { name: 'Download PDF', exact: true }).click();
verify	Run npm run test:local-browser	2026-10-11T00:01:37.8854219Z       174 |     const download = await downloading;
verify	Run npm run test:local-browser	2026-10-11T00:01:37.8854494Z       175 |     await mkdir(output, { recursive: true });
verify	Run npm run test:local-browser	2026-10-11T00:01:37.8854939Z         at /home/runner/work/scopeledger/scopeledger/tests/local-browser/fee-delivery-options.spec.ts:172:30
verify	Run npm run test:local-browser	2026-10-11T00:01:37.8855260Z 
verify	Run npm run test:local-browser	2026-10-11T00:01:37.8855582Z     attachment #1: screenshot (image/png) ──────────────────────────────────────────────────────────
verify	Run npm run test:local-browser	2026-10-11T00:01:37.8856183Z     test-results/local-browser/fee-delivery-options-inclu-dfc21-and-a-real-brief-PDF-export-firefox/test-failed-1.png
verify	Run npm run test:local-browser	2026-10-11T00:01:37.8856961Z     ────────────────────────────────────────────────────────────────────────────────────────────────
verify	Run npm run test:local-browser	2026-10-11T00:01:37.8857196Z 
verify	Run npm run test:local-browser	2026-10-11T00:01:37.8857843Z     Error Context: test-results/local-browser/fee-delivery-options-inclu-dfc21-and-a-real-brief-PDF-export-firefox/error-context.md
verify	Run npm run test:local-browser	2026-10-11T00:01:37.8858524Z 
verify	Run npm run test:local-browser	2026-10-11T00:01:37.8859550Z   7) [firefox] › tests/local-browser/fee-delivery-options.spec.ts:196:1 › an invoice keeps the approved inclusive total, shows delivery timing and exports without platform attribution 
verify	Run npm run test:local-browser	2026-10-11T00:01:37.8860376Z 
verify	Run npm run test:local-browser	2026-10-11T00:01:37.8860530Z     Test timeout of 60000ms exceeded.
verify	Run npm run test:local-browser	2026-10-11T00:01:37.8860778Z 
verify	Run npm run test:local-browser	2026-10-11T00:01:37.8860960Z     Error: page.waitForEvent: Test timeout of 60000ms exceeded.
verify	Run npm run test:local-browser	2026-10-11T00:01:37.8861388Z     =========================== logs ===========================
verify	Run npm run test:local-browser	2026-10-11T00:01:37.8861791Z     waiting for event "download"
verify	Run npm run test:local-browser	2026-10-11T00:01:37.8862155Z     ============================================================
verify	Run npm run test:local-browser	2026-10-11T00:01:37.8862443Z 
verify	Run npm run test:local-browser	2026-10-11T00:01:37.8862790Z       219 |     await expect(frame.locator('body')).toContainText('2028-03-01');
verify	Run npm run test:local-browser	2026-10-11T00:01:37.8863263Z       220 |     await expect(frame.locator('body')).not.toContainText('Prepared with');
verify	Run npm run test:local-browser	2026-10-11T00:01:37.8863663Z     > 221 |     const downloading = page.waitForEvent('download');
verify	Run npm run test:local-browser	2026-10-11T00:01:37.8863935Z           |                              ^
verify	Run npm run test:local-browser	2026-10-11T00:01:37.8864284Z       222 |     await page.getByRole('button', { name: 'Download PDF', exact: true }).click();
verify	Run npm run test:local-browser	2026-10-11T00:01:37.8864645Z       223 |     await mkdir(output, { recursive: true });
verify	Run npm run test:local-browser	2026-10-11T00:01:37.8865236Z       224 |     await (await downloading).saveAs(resolve(output, `${info.project.name}-inclusive-invoice.pdf`));
verify	Run npm run test:local-browser	2026-10-11T00:01:37.8865818Z         at /home/runner/work/scopeledger/scopeledger/tests/local-browser/fee-delivery-options.spec.ts:221:30
verify	Run npm run test:local-browser	2026-10-11T00:01:37.8866131Z 
verify	Run npm run test:local-browser	2026-10-11T00:01:37.8866473Z     attachment #1: screenshot (image/png) ──────────────────────────────────────────────────────────
verify	Run npm run test:local-browser	2026-10-11T00:01:37.8867231Z     test-results/local-browser/fee-delivery-options-an-in-c5f9d-ithout-platform-attribution-firefox/test-failed-1.png
verify	Run npm run test:local-browser	2026-10-11T00:01:37.8867878Z     ────────────────────────────────────────────────────────────────────────────────────────────────
verify	Run npm run test:local-browser	2026-10-11T00:01:37.8868095Z 
verify	Run npm run test:local-browser	2026-10-11T00:01:37.8868492Z     Error Context: test-results/local-browser/fee-delivery-options-an-in-c5f9d-ithout-platform-attribution-firefox/error-context.md
verify	Run npm run test:local-browser	2026-10-11T00:01:37.8868892Z 
verify	Run npm run test:local-browser	2026-10-11T00:01:37.8869341Z   8) [firefox] › tests/local-browser/production.spec.ts:16:1 › built pages retain working theme, menus and document previews under CSP 
verify	Run npm run test:local-browser	2026-10-11T00:01:37.8869709Z 
verify	Run npm run test:local-browser	2026-10-11T00:01:37.8869870Z     Error: expect(received).toBe(expected) // Object.is equality
verify	Run npm run test:local-browser	2026-10-11T00:01:37.8870062Z 
verify	Run npm run test:local-browser	2026-10-11T00:01:37.8870133Z     Expected: 200
verify	Run npm run test:local-browser	2026-10-11T00:01:37.8870296Z     Received: 503
verify	Run npm run test:local-browser	2026-10-11T00:01:37.8870511Z 
verify	Run npm run test:local-browser	2026-10-11T00:01:37.8870578Z       62 |   }
verify	Run npm run test:local-browser	2026-10-11T00:01:37.8870842Z       63 |   const ready = await request.get(`${localApp.origin}/api/ready`);
verify	Run npm run test:local-browser	2026-10-11T00:01:37.8871154Z     > 64 |   expect(ready.status()).toBe(200);
verify	Run npm run test:local-browser	2026-10-11T00:01:37.8871382Z          |                          ^
verify	Run npm run test:local-browser	2026-10-11T00:01:37.8871627Z       65 |   expect(await ready.json()).toMatchObject({
verify	Run npm run test:local-browser	2026-10-11T00:01:37.8871880Z       66 |     status: 'ready',
verify	Run npm run test:local-browser	2026-10-11T00:01:37.8872092Z       67 |     purchasesEnabled: false,
verify	Run npm run test:local-browser	2026-10-11T00:01:37.8872472Z         at /home/runner/work/scopeledger/scopeledger/tests/local-browser/production.spec.ts:64:26
verify	Run npm run test:local-browser	2026-10-11T00:01:37.8872757Z 
verify	Run npm run test:local-browser	2026-10-11T00:01:37.8873065Z     attachment #1: screenshot (image/png) ──────────────────────────────────────────────────────────
verify	Run npm run test:local-browser	2026-10-11T00:01:37.8873664Z     test-results/local-browser/production-built-pages-ret-e6a64-document-previews-under-CSP-firefox/test-failed-1.png
verify	Run npm run test:local-browser	2026-10-11T00:01:37.8874303Z     ────────────────────────────────────────────────────────────────────────────────────────────────
verify	Run npm run test:local-browser	2026-10-11T00:01:37.8874517Z 
verify	Run npm run test:local-browser	2026-10-11T00:01:37.8874902Z     Error Context: test-results/local-browser/production-built-pages-ret-e6a64-document-previews-under-CSP-firefox/error-context.md
verify	Run npm run test:local-browser	2026-10-11T00:01:37.8875300Z 
verify	Run npm run test:local-browser	2026-10-11T00:01:37.8875756Z   9) [webkit] › tests/local-browser/activation.spec.ts:23:1 › a generated Individual key authorizes extra projects and one genuine guarded PDF job 
verify	Run npm run test:local-browser	2026-10-11T00:01:37.8876151Z 
verify	Run npm run test:local-browser	2026-10-11T00:01:37.8876251Z     Test timeout of 60000ms exceeded.
verify	Run npm run test:local-browser	2026-10-11T00:01:37.8876384Z 
verify	Run npm run test:local-browser	2026-10-11T00:01:37.8876536Z     Error: page.waitForEvent: Test timeout of 60000ms exceeded.
verify	Run npm run test:local-browser	2026-10-11T00:01:37.8876994Z     =========================== logs ===========================
verify	Run npm run test:local-browser	2026-10-11T00:01:37.8877240Z     waiting for event "download"
verify	Run npm run test:local-browser	2026-10-11T00:01:37.8877465Z     ============================================================
verify	Run npm run test:local-browser	2026-10-11T00:01:37.8877617Z 
verify	Run npm run test:local-browser	2026-10-11T00:01:37.8877756Z       53 |       if (r.url().endsWith('/api/pdf')) requests++;
verify	Run npm run test:local-browser	2026-10-11T00:01:37.8878006Z       54 |     });
verify	Run npm run test:local-browser	2026-10-11T00:01:37.8878244Z     > 55 |     const downloading = page.waitForEvent('download');
verify	Run npm run test:local-browser	2026-10-11T00:01:37.8878515Z          |                              ^
verify	Run npm run test:local-browser	2026-10-11T00:01:37.8878900Z       56 |     await page.getByRole('button', { name: 'Export PDF', exact: true }).evaluate((button) => {
verify	Run npm run test:local-browser	2026-10-11T00:01:37.8879294Z       57 |       (button as HTMLButtonElement).click();
verify	Run npm run test:local-browser	2026-10-11T00:01:37.8879563Z       58 |       (button as HTMLButtonElement).click();
verify	Run npm run test:local-browser	2026-10-11T00:01:37.8879957Z         at /home/runner/work/scopeledger/scopeledger/tests/local-browser/activation.spec.ts:55:30
verify	Run npm run test:local-browser	2026-10-11T00:01:37.8880363Z 
verify	Run npm run test:local-browser	2026-10-11T00:01:37.8880666Z     attachment #1: screenshot (image/png) ──────────────────────────────────────────────────────────
verify	Run npm run test:local-browser	2026-10-11T00:01:37.8881267Z     test-results/local-browser/activation-a-generated-Ind-c1bcc-one-genuine-guarded-PDF-job-webkit/test-failed-1.png
verify	Run npm run test:local-browser	2026-10-11T00:01:37.8881902Z     ────────────────────────────────────────────────────────────────────────────────────────────────
verify	Run npm run test:local-browser	2026-10-11T00:01:37.8882224Z 
verify	Run npm run test:local-browser	2026-10-11T00:01:37.8882595Z     Error Context: test-results/local-browser/activation-a-generated-Ind-c1bcc-one-genuine-guarded-PDF-job-webkit/error-context.md
verify	Run npm run test:local-browser	2026-10-11T00:01:37.8883000Z 
verify	Run npm run test:local-browser	2026-10-11T00:01:37.8883543Z   10) [webkit] › tests/local-browser/fee-delivery-options.spec.ts:102:1 › inclusive fees, additional days and document choices survive reload and a real brief PDF export 
verify	Run npm run test:local-browser	2026-10-11T00:01:37.8883993Z 
verify	Run npm run test:local-browser	2026-10-11T00:01:37.8884093Z     Test timeout of 60000ms exceeded.
verify	Run npm run test:local-browser	2026-10-11T00:01:37.8884227Z 
verify	Run npm run test:local-browser	2026-10-11T00:01:37.8884380Z     Error: page.waitForEvent: Test timeout of 60000ms exceeded.
verify	Run npm run test:local-browser	2026-10-11T00:01:37.8884695Z     =========================== logs ===========================
verify	Run npm run test:local-browser	2026-10-11T00:01:37.8884939Z     waiting for event "download"
verify	Run npm run test:local-browser	2026-10-11T00:01:37.8885164Z     ============================================================
verify	Run npm run test:local-browser	2026-10-11T00:01:37.8885310Z 
verify	Run npm run test:local-browser	2026-10-11T00:01:37.8885526Z       170 |       if (request.url().endsWith('/api/pdf')) payload = request.postDataJSON();
verify	Run npm run test:local-browser	2026-10-11T00:01:37.8885829Z       171 |     });
verify	Run npm run test:local-browser	2026-10-11T00:01:37.8886061Z     > 172 |     const downloading = page.waitForEvent('download');
verify	Run npm run test:local-browser	2026-10-11T00:01:37.8886367Z           |                              ^
verify	Run npm run test:local-browser	2026-10-11T00:01:37.8886851Z       173 |     await page.getByRole('button', { name: 'Download PDF', exact: true }).click();
verify	Run npm run test:local-browser	2026-10-11T00:01:37.8887204Z       174 |     const download = await downloading;
verify	Run npm run test:local-browser	2026-10-11T00:01:37.8887484Z       175 |     await mkdir(output, { recursive: true });
verify	Run npm run test:local-browser	2026-10-11T00:01:37.8887925Z         at /home/runner/work/scopeledger/scopeledger/tests/local-browser/fee-delivery-options.spec.ts:172:30
verify	Run npm run test:local-browser	2026-10-11T00:01:37.8888240Z 
verify	Run npm run test:local-browser	2026-10-11T00:01:37.8888554Z     attachment #1: screenshot (image/png) ──────────────────────────────────────────────────────────
verify	Run npm run test:local-browser	2026-10-11T00:01:37.8889147Z     test-results/local-browser/fee-delivery-options-inclu-dfc21-and-a-real-brief-PDF-export-webkit/test-failed-1.png
verify	Run npm run test:local-browser	2026-10-11T00:01:37.8889780Z     ────────────────────────────────────────────────────────────────────────────────────────────────
verify	Run npm run test:local-browser	2026-10-11T00:01:37.8889987Z 
verify	Run npm run test:local-browser	2026-10-11T00:01:37.8890355Z     Error Context: test-results/local-browser/fee-delivery-options-inclu-dfc21-and-a-real-brief-PDF-export-webkit/error-context.md
verify	Run npm run test:local-browser	2026-10-11T00:01:37.8890746Z 
verify	Run npm run test:local-browser	2026-10-11T00:01:37.8891323Z   11) [webkit] › tests/local-browser/fee-delivery-options.spec.ts:196:1 › an invoice keeps the approved inclusive total, shows delivery timing and exports without platform attribution 
verify	Run npm run test:local-browser	2026-10-11T00:01:37.8891814Z 
verify	Run npm run test:local-browser	2026-10-11T00:01:37.8891912Z     Test timeout of 60000ms exceeded.
verify	Run npm run test:local-browser	2026-10-11T00:01:37.8892168Z 
verify	Run npm run test:local-browser	2026-10-11T00:01:37.8892314Z     Error: page.waitForEvent: Test timeout of 60000ms exceeded.
verify	Run npm run test:local-browser	2026-10-11T00:01:37.8892607Z     =========================== logs ===========================
verify	Run npm run test:local-browser	2026-10-11T00:01:37.8892850Z     waiting for event "download"
verify	Run npm run test:local-browser	2026-10-11T00:01:37.8893070Z     ============================================================
verify	Run npm run test:local-browser	2026-10-11T00:01:37.8893223Z 
verify	Run npm run test:local-browser	2026-10-11T00:01:37.8893404Z       219 |     await expect(frame.locator('body')).toContainText('2028-03-01');
verify	Run npm run test:local-browser	2026-10-11T00:01:37.8893803Z       220 |     await expect(frame.locator('body')).not.toContainText('Prepared with');
verify	Run npm run test:local-browser	2026-10-11T00:01:37.8894171Z     > 221 |     const downloading = page.waitForEvent('download');
verify	Run npm run test:local-browser	2026-10-11T00:01:37.8894441Z           |                              ^
verify	Run npm run test:local-browser	2026-10-11T00:01:37.8894776Z       222 |     await page.getByRole('button', { name: 'Download PDF', exact: true }).click();
verify	Run npm run test:local-browser	2026-10-11T00:01:37.8895126Z       223 |     await mkdir(output, { recursive: true });
verify	Run npm run test:local-browser	2026-10-11T00:01:37.8895551Z       224 |     await (await downloading).saveAs(resolve(output, `${info.project.name}-inclusive-invoice.pdf`));
verify	Run npm run test:local-browser	2026-10-11T00:01:37.8896127Z         at /home/runner/work/scopeledger/scopeledger/tests/local-browser/fee-delivery-options.spec.ts:221:30
verify	Run npm run test:local-browser	2026-10-11T00:01:37.8896434Z 
verify	Run npm run test:local-browser	2026-10-11T00:01:37.8896889Z     attachment #1: screenshot (image/png) ──────────────────────────────────────────────────────────
verify	Run npm run test:local-browser	2026-10-11T00:01:37.8897591Z     test-results/local-browser/fee-delivery-options-an-in-c5f9d-ithout-platform-attribution-webkit/test-failed-1.png
verify	Run npm run test:local-browser	2026-10-11T00:01:37.8898242Z     ────────────────────────────────────────────────────────────────────────────────────────────────
verify	Run npm run test:local-browser	2026-10-11T00:01:37.8898458Z 
verify	Run npm run test:local-browser	2026-10-11T00:01:37.8898833Z     Error Context: test-results/local-browser/fee-delivery-options-an-in-c5f9d-ithout-platform-attribution-webkit/error-context.md
verify	Run npm run test:local-browser	2026-10-11T00:01:37.8899217Z 
verify	Run npm run test:local-browser	2026-10-11T00:01:37.8899639Z   12) [webkit] › tests/local-browser/production.spec.ts:16:1 › built pages retain working theme, menus and document previews under CSP 
verify	Run npm run test:local-browser	2026-10-11T00:01:37.8900006Z 
verify	Run npm run test:local-browser	2026-10-11T00:01:37.8900153Z     Error: expect(received).toBe(expected) // Object.is equality
verify	Run npm run test:local-browser	2026-10-11T00:01:37.8900338Z 
verify	Run npm run test:local-browser	2026-10-11T00:01:37.8900406Z     Expected: 200
verify	Run npm run test:local-browser	2026-10-11T00:01:37.8900571Z     Received: 503
verify	Run npm run test:local-browser	2026-10-11T00:01:37.8900667Z 
verify	Run npm run test:local-browser	2026-10-11T00:01:37.8900734Z       62 |   }
verify	Run npm run test:local-browser	2026-10-11T00:01:37.8900995Z       63 |   const ready = await request.get(`${localApp.origin}/api/ready`);
verify	Run npm run test:local-browser	2026-10-11T00:01:37.8901304Z     > 64 |   expect(ready.status()).toBe(200);
verify	Run npm run test:local-browser	2026-10-11T00:01:37.8901534Z          |                          ^
verify	Run npm run test:local-browser	2026-10-11T00:01:37.8901784Z       65 |   expect(await ready.json()).toMatchObject({
verify	Run npm run test:local-browser	2026-10-11T00:01:37.8902026Z       66 |     status: 'ready',
verify	Run npm run test:local-browser	2026-10-11T00:01:37.8902239Z       67 |     purchasesEnabled: false,
verify	Run npm run test:local-browser	2026-10-11T00:01:37.8902619Z         at /home/runner/work/scopeledger/scopeledger/tests/local-browser/production.spec.ts:64:26
verify	Run npm run test:local-browser	2026-10-11T00:01:37.8902901Z 
verify	Run npm run test:local-browser	2026-10-11T00:01:37.8903196Z     attachment #1: screenshot (image/png) ──────────────────────────────────────────────────────────
verify	Run npm run test:local-browser	2026-10-11T00:01:37.8903796Z     test-results/local-browser/production-built-pages-ret-e6a64-document-previews-under-CSP-webkit/test-failed-1.png
verify	Run npm run test:local-browser	2026-10-11T00:01:37.8904423Z     ────────────────────────────────────────────────────────────────────────────────────────────────
verify	Run npm run test:local-browser	2026-10-11T00:01:37.8904639Z 
verify	Run npm run test:local-browser	2026-10-11T00:01:37.8905010Z     Error Context: test-results/local-browser/production-built-pages-ret-e6a64-document-previews-under-CSP-webkit/error-context.md
verify	Run npm run test:local-browser	2026-10-11T00:01:37.8905404Z 
verify	Run npm run test:local-browser	2026-10-11T00:01:37.8905468Z   12 failed
verify	Run npm run test:local-browser	2026-10-11T00:01:37.8906014Z     [chromium] › tests/local-browser/activation.spec.ts:23:1 › a generated Individual key authorizes extra projects and one genuine guarded PDF job 
verify	Run npm run test:local-browser	2026-10-11T00:01:37.8907067Z     [chromium] › tests/local-browser/fee-delivery-options.spec.ts:102:1 › inclusive fees, additional days and document choices survive reload and a real brief PDF export 
verify	Run npm run test:local-browser	2026-10-11T00:01:37.8908229Z     [chromium] › tests/local-browser/fee-delivery-options.spec.ts:196:1 › an invoice keeps the approved inclusive total, shows delivery timing and exports without platform attribution 
verify	Run npm run test:local-browser	2026-10-11T00:01:37.8909125Z     [chromium] › tests/local-browser/production.spec.ts:16:1 › built pages retain working theme, menus and document previews under CSP 
verify	Run npm run test:local-browser	2026-10-11T00:01:37.8910023Z     [firefox] › tests/local-browser/activation.spec.ts:23:1 › a generated Individual key authorizes extra projects and one genuine guarded PDF job 
verify	Run npm run test:local-browser	2026-10-11T00:01:37.8910923Z     [firefox] › tests/local-browser/fee-delivery-options.spec.ts:102:1 › inclusive fees, additional days and document choices survive reload and a real brief PDF export 
verify	Run npm run test:local-browser	2026-10-11T00:01:37.8911912Z     [firefox] › tests/local-browser/fee-delivery-options.spec.ts:196:1 › an invoice keeps the approved inclusive total, shows delivery timing and exports without platform attribution 
verify	Run npm run test:local-browser	2026-10-11T00:01:37.8912788Z     [firefox] › tests/local-browser/production.spec.ts:16:1 › built pages retain working theme, menus and document previews under CSP 
verify	Run npm run test:local-browser	2026-10-11T00:01:37.8913586Z     [webkit] › tests/local-browser/activation.spec.ts:23:1 › a generated Individual key authorizes extra projects and one genuine guarded PDF job 
verify	Run npm run test:local-browser	2026-10-11T00:01:37.8914475Z     [webkit] › tests/local-browser/fee-delivery-options.spec.ts:102:1 › inclusive fees, additional days and document choices survive reload and a real brief PDF export 
verify	Run npm run test:local-browser	2026-10-11T00:01:37.8915468Z     [webkit] › tests/local-browser/fee-delivery-options.spec.ts:196:1 › an invoice keeps the approved inclusive total, shows delivery timing and exports without platform attribution 
verify	Run npm run test:local-browser	2026-10-11T00:01:37.8916354Z     [webkit] › tests/local-browser/production.spec.ts:16:1 › built pages retain working theme, menus and document previews under CSP 
verify	Run npm run test:local-browser	2026-10-11T00:01:37.8916920Z   48 passed (14.3m)
verify	Run npm run test:local-browser	2026-10-11T00:01:37.9039624Z ##[error]Process completed with exit code 1.
verify	Run actions/upload-artifact@cf430e030ddbb5b0abf93d22962f4752f3646cd9	﻿2026-10-11T00:01:37.9119668Z ##[group]Run actions/upload-artifact@cf430e030ddbb5b0abf93d22962f4752f3646cd9
verify	Run actions/upload-artifact@cf430e030ddbb5b0abf93d22962f4752f3646cd9	2026-10-11T00:01:37.9120010Z with:
verify	Run actions/upload-artifact@cf430e030ddbb5b0abf93d22962f4752f3646cd9	2026-10-11T00:01:37.9120181Z   name: verification-failures
verify	Run actions/upload-artifact@cf430e030ddbb5b0abf93d22962f4752f3646cd9	2026-10-11T00:01:37.9120384Z   path: test-results/
verify	Run actions/upload-artifact@cf430e030ddbb5b0abf93d22962f4752f3646cd9	2026-10-11T00:01:37.9120558Z   retention-days: 7
verify	Run actions/upload-artifact@cf430e030ddbb5b0abf93d22962f4752f3646cd9	2026-10-11T00:01:37.9120745Z   if-no-files-found: warn
verify	Run actions/upload-artifact@cf430e030ddbb5b0abf93d22962f4752f3646cd9	2026-10-11T00:01:37.9120946Z   compression-level: 6
verify	Run actions/upload-artifact@cf430e030ddbb5b0abf93d22962f4752f3646cd9	2026-10-11T00:01:37.9121139Z   overwrite: false
verify	Run actions/upload-artifact@cf430e030ddbb5b0abf93d22962f4752f3646cd9	2026-10-11T00:01:37.9121313Z   include-hidden-files: false
verify	Run actions/upload-artifact@cf430e030ddbb5b0abf93d22962f4752f3646cd9	2026-10-11T00:01:37.9121499Z   archive: true
verify	Run actions/upload-artifact@cf430e030ddbb5b0abf93d22962f4752f3646cd9	2026-10-11T00:01:37.9121657Z env:
verify	Run actions/upload-artifact@cf430e030ddbb5b0abf93d22962f4752f3646cd9	2026-10-11T00:01:37.9121954Z   PLAYWRIGHT_CHROME_PATH: /home/runner/.cache/ms-playwright/chromium-1243/chrome-linux64/chrome
verify	Run actions/upload-artifact@cf430e030ddbb5b0abf93d22962f4752f3646cd9	2026-10-11T00:01:37.9122428Z   SCOPELEDGER_CHROME_PATH: /home/runner/.cache/ms-playwright/chromium-1243/chrome-linux64/chrome
verify	Run actions/upload-artifact@cf430e030ddbb5b0abf93d22962f4752f3646cd9	2026-10-11T00:01:37.9122763Z ##[endgroup]
verify	Run actions/upload-artifact@cf430e030ddbb5b0abf93d22962f4752f3646cd9	2026-10-11T00:01:38.0289057Z With the provided path, there will be 24 files uploaded
verify	Run actions/upload-artifact@cf430e030ddbb5b0abf93d22962f4752f3646cd9	2026-10-11T00:01:38.0293744Z Artifact name is valid!
verify	Run actions/upload-artifact@cf430e030ddbb5b0abf93d22962f4752f3646cd9	2026-10-11T00:01:38.0294171Z Root directory input is valid!
verify	Run actions/upload-artifact@cf430e030ddbb5b0abf93d22962f4752f3646cd9	2026-10-11T00:01:38.2165115Z Uploading artifact: verification-failures.zip
verify	Run actions/upload-artifact@cf430e030ddbb5b0abf93d22962f4752f3646cd9	2026-10-11T00:01:38.2238078Z Beginning upload of artifact content to blob storage
verify	Run actions/upload-artifact@cf430e030ddbb5b0abf93d22962f4752f3646cd9	2026-10-11T00:01:38.4497915Z Uploaded bytes 2286924
verify	Run actions/upload-artifact@cf430e030ddbb5b0abf93d22962f4752f3646cd9	2026-10-11T00:01:38.4654059Z Finished uploading artifact content to blob storage!
verify	Run actions/upload-artifact@cf430e030ddbb5b0abf93d22962f4752f3646cd9	2026-10-11T00:01:38.4655317Z SHA256 digest of uploaded artifact is 10ed33b209f4b756740837528a08453e3b78ef4a9b1397bf12409b072cc0871c
verify	Run actions/upload-artifact@cf430e030ddbb5b0abf93d22962f4752f3646cd9	2026-10-11T00:01:38.4656176Z Finalizing artifact upload
verify	Run actions/upload-artifact@cf430e030ddbb5b0abf93d22962f4752f3646cd9	2026-10-11T00:01:38.6739420Z Artifact verification-failures successfully finalized. Artifact ID 11686640865
verify	Run actions/upload-artifact@cf430e030ddbb5b0abf93d22962f4752f3646cd9	2026-10-11T00:01:38.6740196Z Artifact verification-failures has been successfully uploaded! Final size is 2286924 bytes. Artifact ID is 11686640865
verify	Run actions/upload-artifact@cf430e030ddbb5b0abf93d22962f4752f3646cd9	2026-10-11T00:01:38.6742906Z Artifact download URL: https://github.com/SaMaEl-69/scopeledger/actions/runs/38096144164/artifacts/11686640865
verify	Post Run actions/checkout@3d3c42e5aac5ba805825da76410c181273ba90b1	﻿2026-10-11T00:01:38.6898232Z Post job cleanup.
verify	Post Run actions/checkout@3d3c42e5aac5ba805825da76410c181273ba90b1	2026-10-11T00:01:38.7594796Z [command]/usr/bin/git version
verify	Post Run actions/checkout@3d3c42e5aac5ba805825da76410c181273ba90b1	2026-10-11T00:01:38.7637568Z git version 2.55.0
verify	Post Run actions/checkout@3d3c42e5aac5ba805825da76410c181273ba90b1	2026-10-11T00:01:38.7665460Z Temporarily overriding HOME='/home/runner/work/_temp/55a7bb40-f267-40ed-9e91-e91dc25c63ea' before making global git config changes
verify	Post Run actions/checkout@3d3c42e5aac5ba805825da76410c181273ba90b1	2026-10-11T00:01:38.7666757Z Adding repository directory to the temporary git global config as a safe directory
verify	Post Run actions/checkout@3d3c42e5aac5ba805825da76410c181273ba90b1	2026-10-11T00:01:38.7669660Z [command]/usr/bin/git config --global --add safe.directory /home/runner/work/scopeledger/scopeledger
verify	Post Run actions/checkout@3d3c42e5aac5ba805825da76410c181273ba90b1	2026-10-11T00:01:38.7697861Z Removing SSH command configuration
verify	Post Run actions/checkout@3d3c42e5aac5ba805825da76410c181273ba90b1	2026-10-11T00:01:38.7703154Z [command]/usr/bin/git config --local --name-only --get-regexp core\.sshCommand
verify	Post Run actions/checkout@3d3c42e5aac5ba805825da76410c181273ba90b1	2026-10-11T00:01:38.7731311Z [command]/usr/bin/git submodule foreach --recursive sh -c "git config --local --name-only --get-regexp 'core\.sshCommand' && git config --local --unset-all 'core.sshCommand' || :"
verify	Post Run actions/checkout@3d3c42e5aac5ba805825da76410c181273ba90b1	2026-10-11T00:01:38.7937125Z Removing HTTP extra header
verify	Post Run actions/checkout@3d3c42e5aac5ba805825da76410c181273ba90b1	2026-10-11T00:01:38.7942420Z [command]/usr/bin/git config --local --name-only --get-regexp http\.https\:\/\/github\.com\/\.extraheader
verify	Post Run actions/checkout@3d3c42e5aac5ba805825da76410c181273ba90b1	2026-10-11T00:01:38.7972639Z [command]/usr/bin/git submodule foreach --recursive sh -c "git config --local --name-only --get-regexp 'http\.https\:\/\/github\.com\/\.extraheader' && git config --local --unset-all 'http.https://github.com/.extraheader' || :"
verify	Post Run actions/checkout@3d3c42e5aac5ba805825da76410c181273ba90b1	2026-10-11T00:01:38.8171917Z Removing includeIf entries pointing to credentials config files
verify	Post Run actions/checkout@3d3c42e5aac5ba805825da76410c181273ba90b1	2026-10-11T00:01:38.8190973Z [command]/usr/bin/git config --local --name-only --get-regexp ^includeIf\.gitdir:
verify	Post Run actions/checkout@3d3c42e5aac5ba805825da76410c181273ba90b1	2026-10-11T00:01:38.8218281Z [command]/usr/bin/git submodule foreach --recursive git config --local --show-origin --name-only --get-regexp remote.origin.url
verify	Complete job	﻿2026-10-11T00:01:38.8547236Z Cleaning up orphan processes
